Estaci√≥n,Material,Fecha,Registros Validados,Registros Preliminares,Registros No Validados
CESFAM_Lago_Ranco,co,2011-06,,0.2687158218489737,
CESFAM_Lago_Ranco,co,2011-07,,0.14421437496455422,
CESFAM_Lago_Ranco,co,2011-08,,0.2552498583091787,
CESFAM_Lago_Ranco,mp10,2011-06,,30.809505328674952,
CESFAM_Lago_Ranco,mp10,2011-07,,68.0628940124505,
CESFAM_Lago_Ranco,mp10,2011-08,,17.67530046296296,
CESFAM_Lago_Ranco,mp2.5,2011-06,,13.185802604813665,
CESFAM_Lago_Ranco,mp2.5,2011-07,,17.009307701612904,
CESFAM_Lago_Ranco,mp2.5,2011-08,,13.421963287037038,
CESFAM_Lago_Ranco,no2,2011-06,,5.735266372706407,
CESFAM_Lago_Ranco,no2,2011-07,,3.271122518525762,
CESFAM_Lago_Ranco,no2,2011-08,,1.5376321933373591,
CESFAM_Lago_Ranco,so2,2011-06,,4.792901884060455,
CESFAM_Lago_Ranco,so2,2011-07,,5.2145794673063035,
CESFAM_Lago_Ranco,so2,2011-08,,4.378925528015665,
Consultorio_Mafil,co,2008-01,,,
Consultorio_Mafil,co,2008-02,,,
Consultorio_Mafil,co,2008-03,,,
Consultorio_Mafil,co,2008-04,,,
Consultorio_Mafil,co,2008-05,,,
Consultorio_Mafil,co,2008-06,,,
Consultorio_Mafil,co,2008-07,,,
Consultorio_Mafil,co,2008-08,,,
Consultorio_Mafil,co,2008-09,,,
Consultorio_Mafil,co,2008-10,,,
Consultorio_Mafil,co,2008-11,,,
Consultorio_Mafil,co,2008-12,,,
Consultorio_Mafil,co,2009-01,,8.008474753401359e-05,
Consultorio_Mafil,co,2009-02,,9.333673352272726e-05,
Consultorio_Mafil,co,2009-03,,0.0002024252679618768,
Consultorio_Mafil,co,2009-04,,0.0002958880160435178,
Consultorio_Mafil,co,2009-05,,0.0004498117868867245,
Consultorio_Mafil,co,2009-06,,0.00045310004520202025,
Consultorio_Mafil,co,2009-07,,,
Consultorio_Mafil,co,2009-08,,,
Consultorio_Mafil,co,2009-09,,,
Consultorio_Mafil,co,2009-10,,,
Consultorio_Mafil,co,2009-11,,,
Consultorio_Mafil,co,2009-12,,,
Consultorio_Mafil,mp10,2008-01,,,
Consultorio_Mafil,mp10,2008-02,,,
Consultorio_Mafil,mp10,2008-03,,,
Consultorio_Mafil,mp10,2008-04,,,
Consultorio_Mafil,mp10,2008-05,,,
Consultorio_Mafil,mp10,2008-06,,,
Consultorio_Mafil,mp10,2008-07,,,
Consultorio_Mafil,mp10,2008-08,,,
Consultorio_Mafil,mp10,2008-09,,,
Consultorio_Mafil,mp10,2008-10,,,
Consultorio_Mafil,mp10,2008-11,,,
Consultorio_Mafil,mp10,2008-12,,,
Consultorio_Mafil,mp10,2009-01,,40.63163628265413,
Consultorio_Mafil,mp10,2009-02,,15.029747842261909,
Consultorio_Mafil,mp10,2009-03,,10.047657806695995,
Consultorio_Mafil,mp10,2009-04,,14.1006881765873,
Consultorio_Mafil,mp10,2009-05,,20.208190242526193,
Consultorio_Mafil,mp10,2009-06,,19.428050166666665,
Consultorio_Mafil,mp10,2009-07,,,
Consultorio_Mafil,mp10,2009-08,,,
Consultorio_Mafil,mp10,2009-09,,,
Consultorio_Mafil,mp10,2009-10,,,
Consultorio_Mafil,mp10,2009-11,,,
Consultorio_Mafil,mp10,2009-12,,,
Consultorio_Mafil,no,2008-01,,,
Consultorio_Mafil,no,2008-02,,,
Consultorio_Mafil,no,2008-03,,,
Consultorio_Mafil,no,2008-04,,,
Consultorio_Mafil,no,2008-05,,,
Consultorio_Mafil,no,2008-06,,,
Consultorio_Mafil,no,2008-07,,,
Consultorio_Mafil,no,2008-08,,,
Consultorio_Mafil,no,2008-09,,,
Consultorio_Mafil,no,2008-10,,,
Consultorio_Mafil,no,2008-11,,,
Consultorio_Mafil,no,2008-12,,,
Consultorio_Mafil,no,2009-01,,3.890528871085237,
Consultorio_Mafil,no,2009-02,,4.619022444727891,
Consultorio_Mafil,no,2009-03,,5.230867692930609,
Consultorio_Mafil,no,2009-04,,5.316559596825398,
Consultorio_Mafil,no,2009-05,,4.629886954760616,
Consultorio_Mafil,no,2009-06,,2.3585702821392496,
Consultorio_Mafil,no,2009-07,,,
Consultorio_Mafil,no,2009-08,,,
Consultorio_Mafil,no,2009-09,,,
Consultorio_Mafil,no,2009-10,,,
Consultorio_Mafil,no,2009-11,,,
Consultorio_Mafil,no,2009-12,,,
Consultorio_Mafil,no2,2008-01,,,
Consultorio_Mafil,no2,2008-02,,,
Consultorio_Mafil,no2,2008-03,,,
Consultorio_Mafil,no2,2008-04,,,
Consultorio_Mafil,no2,2008-05,,,
Consultorio_Mafil,no2,2008-06,,,
Consultorio_Mafil,no2,2008-07,,,
Consultorio_Mafil,no2,2008-08,,,
Consultorio_Mafil,no2,2008-09,,,
Consultorio_Mafil,no2,2008-10,,,
Consultorio_Mafil,no2,2008-11,,,
Consultorio_Mafil,no2,2008-12,,,
Consultorio_Mafil,no2,2009-01,,1.573381839420063,
Consultorio_Mafil,no2,2009-02,,1.7280295884353738,
Consultorio_Mafil,no2,2009-03,,3.5614208191661656,
Consultorio_Mafil,no2,2009-04,,4.6109157396825395,
Consultorio_Mafil,no2,2009-05,,4.564577456581117,
Consultorio_Mafil,no2,2009-06,,2.8272211391594513,
Consultorio_Mafil,no2,2009-07,,,
Consultorio_Mafil,no2,2009-08,,,
Consultorio_Mafil,no2,2009-09,,,
Consultorio_Mafil,no2,2009-10,,,
Consultorio_Mafil,no2,2009-11,,,
Consultorio_Mafil,no2,2009-12,,,
Consultorio_Mafil,nox,2008-01,,,
Consultorio_Mafil,nox,2008-02,,,
Consultorio_Mafil,nox,2008-03,,,
Consultorio_Mafil,nox,2008-04,,,
Consultorio_Mafil,nox,2008-05,,,
Consultorio_Mafil,nox,2008-06,,,
Consultorio_Mafil,nox,2008-07,,,
Consultorio_Mafil,nox,2008-08,,,
Consultorio_Mafil,nox,2008-09,,,
Consultorio_Mafil,nox,2008-10,,,
Consultorio_Mafil,nox,2008-11,,,
Consultorio_Mafil,nox,2008-12,,,
Consultorio_Mafil,nox,2009-01,,2.7472604037953423,
Consultorio_Mafil,nox,2009-02,,3.1751550812074822,
Consultorio_Mafil,nox,2009-03,,4.406288544254659,
Consultorio_Mafil,nox,2009-04,,4.913510590079365,
Consultorio_Mafil,nox,2009-05,,4.575833128440011,
Consultorio_Mafil,nox,2009-06,,2.5961154471681103,
Consultorio_Mafil,nox,2009-07,,,
Consultorio_Mafil,nox,2009-08,,,
Consultorio_Mafil,nox,2009-09,,,
Consultorio_Mafil,nox,2009-10,,,
Consultorio_Mafil,nox,2009-11,,,
Consultorio_Mafil,nox,2009-12,,,
Consultorio_Mafil,o3,2008-01,,,
Consultorio_Mafil,o3,2008-02,,,
Consultorio_Mafil,o3,2008-03,,,
Consultorio_Mafil,o3,2008-04,,,
Consultorio_Mafil,o3,2008-05,,,
Consultorio_Mafil,o3,2008-06,,,
Consultorio_Mafil,o3,2008-07,,,
Consultorio_Mafil,o3,2008-08,,,
Consultorio_Mafil,o3,2008-09,,,
Consultorio_Mafil,o3,2008-10,,,
Consultorio_Mafil,o3,2008-11,,,
Consultorio_Mafil,o3,2008-12,,,
Consultorio_Mafil,o3,2009-01,,13.251216125123152,
Consultorio_Mafil,o3,2009-02,,9.24021970110544,
Consultorio_Mafil,o3,2009-03,,10.92511539316436,
Consultorio_Mafil,o3,2009-04,,7.462788183011272,
Consultorio_Mafil,o3,2009-05,,8.451019732434442,
Consultorio_Mafil,o3,2009-06,,11.982734745467033,
Consultorio_Mafil,o3,2009-07,,,
Consultorio_Mafil,o3,2009-08,,,
Consultorio_Mafil,o3,2009-09,,,
Consultorio_Mafil,o3,2009-10,,,
Consultorio_Mafil,o3,2009-11,,,
Consultorio_Mafil,o3,2009-12,,,
Consultorio_Mafil,so2,2008-01,,,
Consultorio_Mafil,so2,2008-02,,,
Consultorio_Mafil,so2,2008-03,,,
Consultorio_Mafil,so2,2008-04,,,
Consultorio_Mafil,so2,2008-05,,,
Consultorio_Mafil,so2,2008-06,,,
Consultorio_Mafil,so2,2008-07,,,
Consultorio_Mafil,so2,2008-08,,,
Consultorio_Mafil,so2,2008-09,,,
Consultorio_Mafil,so2,2008-10,,,
Consultorio_Mafil,so2,2008-11,,,
Consultorio_Mafil,so2,2008-12,,,
Consultorio_Mafil,so2,2009-01,,0.8668030099268547,
Consultorio_Mafil,so2,2009-02,,1.0934875403911566,
Consultorio_Mafil,so2,2009-03,,1.2981982162058372,
Consultorio_Mafil,so2,2009-04,,1.2755793966829954,
Consultorio_Mafil,so2,2009-05,,1.3357087536867893,
Consultorio_Mafil,so2,2009-06,,1.188930029995608,
Consultorio_Mafil,so2,2009-07,,,
Consultorio_Mafil,so2,2009-08,,,
Consultorio_Mafil,so2,2009-09,,,
Consultorio_Mafil,so2,2009-10,,,
Consultorio_Mafil,so2,2009-11,,,
Consultorio_Mafil,so2,2009-12,,,
Fundo_La_Ribera,co,2008-01,,0.07373263548387095,
Fundo_La_Ribera,co,2008-02,,0.1351215551724138,
Fundo_La_Ribera,co,2008-03,,0.09774515172413792,
Fundo_La_Ribera,co,2008-04,,0.09803817999999999,
Fundo_La_Ribera,co,2008-05,,0.15359730645161287,
Fundo_La_Ribera,co,2008-06,,0.15273933846153848,
Fundo_La_Ribera,co,2008-07,,0.12594368709677417,
Fundo_La_Ribera,co,2008-08,,0.10915135666666669,
Fundo_La_Ribera,co,2008-09,,0.17492643928571422,
Fundo_La_Ribera,co,2008-10,,0.16981555161290324,
Fundo_La_Ribera,co,2008-11,,0.13870332,
Fundo_La_Ribera,co,2008-12,,0.10556993666666668,
Fundo_La_Ribera,co,2009-01,,0.12949795,
Fundo_La_Ribera,co,2009-02,,0.17189251600000002,
Fundo_La_Ribera,co,2009-03,,0.08920643225806453,
Fundo_La_Ribera,co,2009-04,,0.08407895357142856,
Fundo_La_Ribera,co,2009-05,,0.12785814444444443,
Fundo_La_Ribera,co,2009-06,,0.17430428461538464,
Fundo_La_Ribera,mp10,2008-01,,23.549151612903223,
Fundo_La_Ribera,mp10,2008-02,,32.00239655172414,
Fundo_La_Ribera,mp10,2008-03,,21.424162068965522,
Fundo_La_Ribera,mp10,2008-04,,17.69854133333333,
Fundo_La_Ribera,mp10,2008-05,,26.080486774193545,
Fundo_La_Ribera,mp10,2008-06,,18.558396153846157,
Fundo_La_Ribera,mp10,2008-07,,,
Fundo_La_Ribera,mp10,2008-08,,12.769111333333335,
Fundo_La_Ribera,mp10,2008-09,,19.684124999999995,
Fundo_La_Ribera,mp10,2008-10,,22.274329032258063,
Fundo_La_Ribera,mp10,2008-11,,19.76757333333334,
Fundo_La_Ribera,mp10,2008-12,,26.10375806451612,
Fundo_La_Ribera,mp10,2009-01,,26.90170000000001,
Fundo_La_Ribera,mp10,2009-02,,22.147391999999996,
Fundo_La_Ribera,mp10,2009-03,,26.072041935483877,
Fundo_La_Ribera,mp10,2009-04,,18.12339666666667,
Fundo_La_Ribera,mp10,2009-05,,18.96507777777778,
Fundo_La_Ribera,mp10,2009-06,,18.045020714285716,
Fundo_La_Ribera,no,2008-01,,0.6996731612903228,
Fundo_La_Ribera,no,2008-02,,1.0198369310344826,
Fundo_La_Ribera,no,2008-03,,1.6456515862068968,
Fundo_La_Ribera,no,2008-04,,1.2908057,
Fundo_La_Ribera,no,2008-05,,2.676560321428571,
Fundo_La_Ribera,no,2008-06,,4.090199384615384,
Fundo_La_Ribera,no,2008-07,,1.2366886896551725,
Fundo_La_Ribera,no,2008-08,,0.7317414642857142,
Fundo_La_Ribera,no,2008-09,,1.5453412142857144,
Fundo_La_Ribera,no,2008-10,,1.797385806451613,
Fundo_La_Ribera,no,2008-11,,1.500081666666667,
Fundo_La_Ribera,no,2008-12,,1.5462006451612902,
Fundo_La_Ribera,no,2009-01,,1.4887733928571425,
Fundo_La_Ribera,no,2009-02,,1.01099436,
Fundo_La_Ribera,no,2009-03,,1.1506020322580646,
Fundo_La_Ribera,no,2009-04,,1.7145175666666665,
Fundo_La_Ribera,no,2009-05,,1.5009354074074073,
Fundo_La_Ribera,no,2009-06,,1.498638714285714,
Fundo_La_Ribera,no2,2008-01,,0.3668603548387097,
Fundo_La_Ribera,no2,2008-02,,0.7371377931034482,
Fundo_La_Ribera,no2,2008-03,,0.9220293448275864,
Fundo_La_Ribera,no2,2008-04,,1.7679851666666664,
Fundo_La_Ribera,no2,2008-05,,3.2721351612903224,
Fundo_La_Ribera,no2,2008-06,,3.447726192307692,
Fundo_La_Ribera,no2,2008-07,,1.499323193548387,
Fundo_La_Ribera,no2,2008-08,,1.5034039999999993,
Fundo_La_Ribera,no2,2008-09,,1.5128816428571432,
Fundo_La_Ribera,no2,2008-10,,0.9323490322580643,
Fundo_La_Ribera,no2,2008-11,,0.6050734333333333,
Fundo_La_Ribera,no2,2008-12,,0.4456028387096774,
Fundo_La_Ribera,no2,2009-01,,0.9740346785714283,
Fundo_La_Ribera,no2,2009-02,,0.80500832,
Fundo_La_Ribera,no2,2009-03,,1.0763698709677418,
Fundo_La_Ribera,no2,2009-04,,0.8916537666666667,
Fundo_La_Ribera,no2,2009-05,,1.4406336666666666,
Fundo_La_Ribera,no2,2009-06,,1.5684614642857138,
Fundo_La_Ribera,nox,2008-01,,0.5681590322580645,
Fundo_La_Ribera,nox,2008-02,,0.814713896551724,
Fundo_La_Ribera,nox,2008-03,,1.2189573103448277,
Fundo_La_Ribera,nox,2008-04,,2.432137333333333,
Fundo_La_Ribera,nox,2008-05,,2.8978389032258063,
Fundo_La_Ribera,nox,2008-06,,3.8505763846153847,
Fundo_La_Ribera,nox,2008-07,,1.3314915806451613,
Fundo_La_Ribera,nox,2008-08,,1.091254366666667,
Fundo_La_Ribera,nox,2008-09,,1.5045747500000002,
Fundo_La_Ribera,nox,2008-10,,1.2847918387096775,
Fundo_La_Ribera,nox,2008-11,,0.8626566,
Fundo_La_Ribera,nox,2008-12,,0.7560714193548387,
Fundo_La_Ribera,nox,2009-01,,1.0026864642857143,
Fundo_La_Ribera,nox,2009-02,,0.87680632,
Fundo_La_Ribera,nox,2009-03,,1.0836840967741936,
Fundo_La_Ribera,nox,2009-04,,1.2657600666666666,
Fundo_La_Ribera,nox,2009-05,,1.3883505555555558,
Fundo_La_Ribera,nox,2009-06,,1.5502428571428568,
Fundo_La_Ribera,o3,2008-01,,7.7275789655172415,
Fundo_La_Ribera,o3,2008-02,,13.499858888888891,
Fundo_La_Ribera,o3,2008-03,,14.198752272727274,
Fundo_La_Ribera,o3,2008-04,,7.2314482608695645,
Fundo_La_Ribera,o3,2008-05,,12.950304166666667,
Fundo_La_Ribera,o3,2008-06,,19.924329999999998,
Fundo_La_Ribera,o3,2008-07,,17.97673838709677,
Fundo_La_Ribera,o3,2008-08,,21.919799655172415,
Fundo_La_Ribera,o3,2008-09,,13.360211333333332,
Fundo_La_Ribera,o3,2008-10,,19.613267741935484,
Fundo_La_Ribera,o3,2008-11,,16.73289,
Fundo_La_Ribera,o3,2008-12,,11.669174,
Fundo_La_Ribera,o3,2009-01,,11.812546896551725,
Fundo_La_Ribera,o3,2009-02,,13.108905555555557,
Fundo_La_Ribera,o3,2009-03,,10.441159354838707,
Fundo_La_Ribera,o3,2009-04,,11.673673666666668,
Fundo_La_Ribera,o3,2009-05,,13.91721608695652,
Fundo_La_Ribera,o3,2009-06,,13.42105,
Fundo_La_Ribera,so2,2008-01,,0.6823329545454546,
Fundo_La_Ribera,so2,2008-02,,0.8358724285714286,
Fundo_La_Ribera,so2,2008-03,,0.988795380952381,
Fundo_La_Ribera,so2,2008-04,,0.5519753333333334,
Fundo_La_Ribera,so2,2008-05,,0.5987325833333333,
Fundo_La_Ribera,so2,2008-06,,1.8087307727272728,
Fundo_La_Ribera,so2,2008-07,,0.9389654666666666,
Fundo_La_Ribera,so2,2008-08,,0.996514931034483,
Fundo_La_Ribera,so2,2008-09,,1.2521490370370372,
Fundo_La_Ribera,so2,2008-10,,0.8872545185185184,
Fundo_La_Ribera,so2,2008-11,,1.0869533666666666,
Fundo_La_Ribera,so2,2008-12,,1.2036784482758622,
Fundo_La_Ribera,so2,2009-01,,3.535607464285714,
Fundo_La_Ribera,so2,2009-02,,5.3659292,
Fundo_La_Ribera,so2,2009-03,,3.923978096774194,
Fundo_La_Ribera,so2,2009-04,,2.4931752333333335,
Fundo_La_Ribera,so2,2009-05,,1.6689269259259254,
Fundo_La_Ribera,so2,2009-06,,4.68926023076923,
La_Union,mp2.5,2017-10,,,17.10635754424454
La_Union,mp2.5,2017-11,,,11.565378614520492
La_Union,mp2.5,2017-12,,16.0,7.858554972550365
La_Union,mp2.5,2018-01,,7.057363022179955,1.0
La_Union,mp2.5,2018-02,,7.324044291629695,40.0
La_Union,mp2.5,2018-03,22.0,13.373909855922479,38.0
La_Union,mp2.5,2018-04,29.931516571402152,,94.66666666666667
La_Union,mp2.5,2018-05,44.38731990309831,,50.0
La_Union,mp2.5,2018-06,47.033873259448704,,18.0
La_Union,mp2.5,2018-07,60.426623528411746,36.6875,29.5
La_Union,mp2.5,2018-08,46.86347091431244,1.5,22.0
La_Union,mp2.5,2018-09,31.896638120333776,138.0,41.0
La_Union,mp2.5,2018-10,17.981413474077904,,5.5
La_Union,mp2.5,2018-11,11.412850241545893,36.5,35.5
La_Union,mp2.5,2018-12,7.288742236024844,3.888888888888889,31.5
La_Union,mp2.5,2019-01,6.945009350163627,,13.0
La_Union,mp2.5,2019-02,8.35430836053997,,15.0
La_Union,mp2.5,2019-03,11.332951881169198,,3.0
La_Union,mp2.5,2019-04,29.875846442875424,120.0,16.591269841269842
La_Union,mp2.5,2019-05,39.972762335840876,32.666666666666664,50.666666666666664
La_Union,mp2.5,2019-06,51.94803312629399,129.16666666666666,19.666666666666668
La_Union,mp2.5,2019-07,44.00923640623297,82.25925925925925,54.17777777777778
La_Union,mp2.5,2019-08,40.64100153002677,160.5,25.0
La_Union,mp2.5,2019-09,25.905058255186137,54.0,
La_Union,mp2.5,2019-10,16.40039107430412,1.0,9.497023809523808
La_Union,mp2.5,2019-11,9.79009661835749,,
La_Union,mp2.5,2019-12,6.241632666071656,19.0,
La_Union,mp2.5,2020-01,,4.841661287703487,5.111111111111112
La_Union,mp2.5,2020-02,,5.422466526477024,227.0
La_Union,mp2.5,2020-03,,7.295917803561562,6.333333333333333
La_Union,mp2.5,2020-04,,28.4896911663216,
La_Union,mp2.5,2020-05,,53.2065801776531,203.5
La_Union,mp2.5,2020-06,,33.67475845410628,44.5
La_Union,mp2.5,2020-07,,46.38515661524077,42.87222222222223
La_Union,mp2.5,2020-08,,49.49724807684134,11.0
La_Union,mp2.5,2020-09,,36.676630434782595,46.5
La_Union,mp2.5,2020-10,,19.13470810590376,3.095833333333333
La_Union,mp2.5,2020-11,,8.897204806687565,7.125
La_Union,mp2.5,2020-12,,5.638891671675681,17.666666666666668
La_Union,mp2.5,2021-01,,4.158193080878915,6.0
La_Union,mp2.5,2021-02,,5.156967579521926,42.0
La_Union,mp2.5,2021-03,,6.766821946169772,8.0
La_Union,mp2.5,2021-04,,20.88331686429513,
La_Union,mp2.5,2021-05,,49.81702898550725,34.0
Valdivia,co,2015-05,0.879201874196105,,
Valdivia,co,2015-06,0.9063558170410627,,9.45
Valdivia,co,2015-07,0.744222244387625,,6.516663333333334
Valdivia,co,2015-08,0.5951362262739599,,6.559991999999999
Valdivia,co,2015-09,0.6784433810386474,,4.5
Valdivia,co,2015-10,0.2943291840229078,,
Valdivia,co,2015-11,0.16361674763943787,,3.3499974999999997
Valdivia,co,2015-12,0.16517626910939692,,7.739998
Valdivia,co,2016-01,0.13148098484104725,,5.9249975
Valdivia,co,2016-02,0.13669383247542893,,4.359997999999999
Valdivia,co,2016-03,0.2001666727750861,,5.139998
Valdivia,co,2016-04,0.7231448820229468,,6.475
Valdivia,co,2016-05,1.4733824123388766,,4.963330333333333
Valdivia,co,2016-06,0.8602730711867542,,2.4625415462440476
Valdivia,co,2016-07,1.0133332666666666,,
Valdivia,co,2016-08,,,
Valdivia,co,2016-09,,,
Valdivia,co,2016-10,,,
Valdivia,co,2016-11,,,
Valdivia,co,2016-12,,,
Valdivia,co,2017-01,,,
Valdivia,co,2017-02,,,
Valdivia,co,2017-03,,,
Valdivia,co,2017-04,,,
Valdivia,co,2017-05,,,
Valdivia,co,2017-06,,,
Valdivia,co,2017-07,,,
Valdivia,co,2017-08,,,
Valdivia,co,2017-09,,,
Valdivia,co,2017-10,,,
Valdivia,co,2017-11,,,
Valdivia,co,2017-12,,,
Valdivia,co,2018-01,,,
Valdivia,co,2018-02,,,
Valdivia,co,2018-03,,,
Valdivia,co,2018-04,,,
Valdivia,co,2018-05,,,
Valdivia,co,2018-06,,0.4632165861513688,
Valdivia,co,2018-07,,0.9001167328463963,
Valdivia,co,2018-08,,0.752673562412342,
Valdivia,co,2018-09,,0.40552363868252606,
Valdivia,co,2018-10,,0.2620947705870567,
Valdivia,co,2018-11,,0.17524582627517404,
Valdivia,co,2018-12,,0.10636044880785418,
Valdivia,co,2019-01,,0.10457658634026101,0.10000000000000002
Valdivia,co,2019-02,,0.1793617548069779,
Valdivia,co,2019-03,,0.2621704223573913,
Valdivia,co,2019-04,,0.9011942431561997,
Valdivia,co,2019-05,,0.6129153944404555,
Valdivia,co,2019-06,,0.4045291062801933,
Valdivia,co,2019-07,,0.538105238552201,
Valdivia,co,2019-08,,0.6632293658889031,
Valdivia,co,2019-09,,0.344086001317523,0.1
Valdivia,co,2019-10,,0.4019626068376069,
Valdivia,co,2019-11,,0.2698538647342995,
Valdivia,co,2019-12,,0.17793149942624,0.04
Valdivia,co,2020-01,,0.23000701262272097,
Valdivia,co,2020-02,,0.30853019918612123,
Valdivia,co,2020-03,,0.1961859938798929,
Valdivia,co,2020-04,,0.7440832235397452,
Valdivia,co,2020-05,,0.9898908368396448,
Valdivia,co,2020-06,0.75375,0.8366886802810716,
Valdivia,co,2020-07,1.2719296400187006,,
Valdivia,co,2020-08,1.3619152233190397,,
Valdivia,co,2020-09,1.2248752587991718,0.835,
Valdivia,co,2020-10,0.6714653193930893,0.635,
Valdivia,co,2020-11,0.16016105935127678,,
Valdivia,co,2020-12,0.23530555032728948,,
Valdivia,co,2021-01,0.3375390865173474,,
Valdivia,co,2021-02,0.33974955298324855,,
Valdivia,co,2021-03,0.4017312351043067,,
Valdivia,co,2021-04,0.364541871807318,,
Valdivia,co,2021-05,0.27218181818181825,0.6904166666666667,
Valdivia,mp10,2008-01,,28.678040542270534,
Valdivia,mp10,2008-02,,33.62511890015221,
Valdivia,mp10,2008-03,,28.40503842741935,
Valdivia,mp10,2008-04,,52.47805236111109,
Valdivia,mp10,2008-05,,101.06536682361586,
Valdivia,mp10,2008-06,,99.4834737010582,
Valdivia,mp10,2008-07,,80.67028689516127,
Valdivia,mp10,2008-08,,57.39072025537634,
Valdivia,mp10,2008-09,,55.26707747420634,
Valdivia,mp10,2008-10,,33.69959340053763,
Valdivia,mp10,2008-11,,21.01916605555556,
Valdivia,mp10,2008-12,,24.3801169658719,
Valdivia,mp10,2009-01,,21.343816048387097,
Valdivia,mp10,2009-02,,22.945235267857147,
Valdivia,mp10,2009-03,,28.74246735215054,
Valdivia,mp10,2009-04,,41.53518650987496,23.86725
Valdivia,mp10,2009-05,,73.58880955132848,3.725
Valdivia,mp10,2009-06,,80.60447760494752,87.4391
Valdivia,mp10,2009-07,,121.04472483870967,
Valdivia,mp10,2009-08,,54.234683523524154,40.2164
Valdivia,mp10,2009-09,,63.50387641666666,
Valdivia,mp10,2009-10,,37.127763658541,3.683
Valdivia,mp10,2009-11,,30.335551694444455,
Valdivia,mp10,2009-12,,20.469783748792274,32.502270833333334
Valdivia,mp10,2010-01,,,19.32120287373891
Valdivia,mp10,2010-02,,,22.561401391800462
Valdivia,mp10,2010-03,,,25.48109013294236
Valdivia,mp10,2010-04,,,54.25219784537411
Valdivia,mp10,2010-05,,93.13990920564517,
Valdivia,mp10,2010-06,,80.63930894179893,
Valdivia,mp10,2010-07,,73.76087681899642,
Valdivia,mp10,2010-08,,82.64439090267578,
Valdivia,mp10,2010-09,,66.50761522105908,
Valdivia,mp10,2010-10,,36.42765043053197,
Valdivia,mp10,2010-11,,18.517680223976942,
Valdivia,mp10,2010-12,,17.792984979960895,
Valdivia,mp10,2011-01,,22.116661286770096,
Valdivia,mp10,2011-02,,33.66719350542441,
Valdivia,mp10,2011-03,,39.21191080065107,
Valdivia,mp10,2011-04,,42.30026632642824,
Valdivia,mp10,2011-05,,63.15111447033314,
Valdivia,mp10,2011-06,,103.03177820255858,
Valdivia,mp10,2011-07,,94.40063419965787,
Valdivia,mp10,2011-08,,95.47815020586296,
Valdivia,mp10,2011-09,,60.07130639953887,
Valdivia,mp10,2011-10,,49.02955639141097,
Valdivia,mp10,2011-11,,23.728369726010097,
Valdivia,mp10,2011-12,,28.328000450629485,
Valdivia,mp10,2012-01,,23.40331391009041,12.275000000000002
Valdivia,mp10,2012-02,,17.86868331017284,4.208333333333333
Valdivia,mp10,2012-03,,25.265166621104942,10.383332777777776
Valdivia,mp10,2012-04,,53.6180801730786,37.44784791666667
Valdivia,mp10,2012-05,,93.56453211309504,33.524997
Valdivia,mp10,2012-06,,78.04033729144706,
Valdivia,mp10,2012-07,,127.07742134769856,60.8767857142857
Valdivia,mp10,2012-08,,89.87617084199286,36.430768461538456
Valdivia,mp10,2012-09,,61.762577418529766,20.353838461538462
Valdivia,mp10,2012-10,,36.4958609914993,22.54908863636364
Valdivia,mp10,2012-11,,32.86101689190436,10.339998375
Valdivia,mp10,2012-12,,33.28106276446087,
Valdivia,mp10,2013-01,,,
Valdivia,mp10,2013-02,,,
Valdivia,mp10,2013-03,31.79166666666667,,
Valdivia,mp10,2013-04,79.40555555555557,,
Valdivia,mp10,2013-05,33.44097709209911,,7.75
Valdivia,mp10,2013-06,65.71741436100132,,39.166666666666664
Valdivia,mp10,2013-07,89.18695014662755,,37.0
Valdivia,mp10,2013-08,46.29436801670003,,9.805555555555555
Valdivia,mp10,2013-09,67.97041062801932,,5.5
Valdivia,mp10,2013-10,27.676951846657317,,80.25
Valdivia,mp10,2013-11,20.822222222222226,,
Valdivia,mp10,2013-12,21.005376344086024,,
Valdivia,mp10,2014-01,15.942204301075272,,
Valdivia,mp10,2014-02,21.429917184265005,,16.0
Valdivia,mp10,2014-03,19.947580645161295,,
Valdivia,mp10,2014-04,59.089318181818186,,114.41666666666667
Valdivia,mp10,2014-05,60.82398848229844,,31.278400000000005
Valdivia,mp10,2014-06,70.52252415458936,,23.5
Valdivia,mp10,2014-07,75.44805984104721,,30.38888888888889
Valdivia,mp10,2014-08,89.41713417484806,,76.4199
Valdivia,mp10,2014-09,63.02198067632848,,38.99495
Valdivia,mp10,2014-10,38.454141697479706,,17.614400325000002
Valdivia,mp10,2014-11,23.089089843925276,,22.493749452204586
Valdivia,mp10,2014-12,17.22223837922169,,31.701409627338002
Valdivia,mp10,2015-01,19.09289266133586,7.444444444444445,6.530360569791667
Valdivia,mp10,2015-02,26.60583248364182,14.524074074074074,4.0
Valdivia,mp10,2015-03,25.39724382676697,46.5,54.33
Valdivia,mp10,2015-04,64.10705839863162,9.0,72.75219
Valdivia,mp10,2015-05,101.90179979312761,114.562141,88.42775000000002
Valdivia,mp10,2015-06,99.69973947550035,17.571428571428573,26.25
Valdivia,mp10,2015-07,82.00759435165116,1.2222222222222223,48.25
Valdivia,mp10,2015-08,79.7606837073399,16.0,
Valdivia,mp10,2015-09,76.10176406926408,5.333333333333333,29.875
Valdivia,mp10,2015-10,43.81346816481256,13.493939393939398,41.375
Valdivia,mp10,2015-11,28.77467784808258,11.416666666666666,18.258928571428573
Valdivia,mp10,2015-12,21.760606876918725,10.396633333333334,9.873056388888891
Valdivia,mp10,2016-01,19.994584666092905,10.385912857142857,16.77374125
Valdivia,mp10,2016-02,19.920941334889616,2.0149862499999998,22.69711562121212
Valdivia,mp10,2016-03,25.945056922543912,1.0,19.320448541666664
Valdivia,mp10,2016-04,71.40069979627879,122.16305666666666,5.044431111111112
Valdivia,mp10,2016-05,143.4930236373199,192.16666666666666,29.75495
Valdivia,mp10,2016-06,112.72938104281165,153.052499,122.248
Valdivia,mp10,2016-07,121.33253066487102,362.5,
Valdivia,mp10,2016-08,94.17819538043479,,200.1
Valdivia,mp10,2016-09,84.03831480390866,,199.4
Valdivia,mp10,2016-10,50.266104244640346,,106.44900000000001
Valdivia,mp10,2016-11,27.393091259465777,124.284,
Valdivia,mp10,2016-12,17.47678358689614,5.802821428571429,131.53366666666668
Valdivia,mp10,2017-01,15.160940987361268,8.768777777777778,45.38129973193474
Valdivia,mp10,2017-02,14.788579341356106,,4.822
Valdivia,mp10,2017-03,24.372812747695853,26.959,
Valdivia,mp10,2017-04,45.830047157004834,,
Valdivia,mp10,2017-05,59.239724580001564,27.0,
Valdivia,mp10,2017-06,74.91594751866491,,
Valdivia,mp10,2017-07,73.10162459093033,26.0,
Valdivia,mp10,2017-08,63.88326108206894,2.0,
Valdivia,mp10,2017-09,64.40230080306165,3.0,92.0
Valdivia,mp10,2017-10,30.27010481612,21.0,2.0
Valdivia,mp10,2017-11,21.975043951427043,13.8,
Valdivia,mp10,2017-12,15.696697604148486,48.5,20.523917748917746
Valdivia,mp10,2018-01,16.734670437089786,,
Valdivia,mp10,2018-02,17.22534937888199,8.0,
Valdivia,mp10,2018-03,23.7859396914446,,
Valdivia,mp10,2018-04,54.83800389478308,4.5,
Valdivia,mp10,2018-05,81.5896925071189,4.0,
Valdivia,mp10,2018-06,84.75238252086078,126.0,
Valdivia,mp10,2018-07,89.01288835054613,,
Valdivia,mp10,2018-08,74.2556685366994,,
Valdivia,mp10,2018-09,44.542185990338155,,
Valdivia,mp10,2018-10,31.476916783543714,1.0,21.0
Valdivia,mp10,2018-11,20.60798072806082,13.409401709401708,
Valdivia,mp10,2018-12,16.03404547726137,12.583333333333334,3.4558904259991214
Valdivia,mp10,2019-01,13.468910705937354,28.0,1.0
Valdivia,mp10,2019-02,16.49793784114436,14.5,1.0
Valdivia,mp10,2019-03,16.541374474053296,41.5,23.0
Valdivia,mp10,2019-04,47.67379166159219,,16.0
Valdivia,mp10,2019-05,55.34582953063519,10.26984126984127,31.0
Valdivia,mp10,2019-06,51.296276263781984,22.0,19.5
Valdivia,mp10,2019-07,62.14468315695526,49.666666666666664,1.0
Valdivia,mp10,2019-08,73.29518997832463,,12.5
Valdivia,mp10,2019-09,45.19510869565217,,29.0
Valdivia,mp10,2019-10,31.563831867057665,,26.0
Valdivia,mp10,2019-11,18.343626482213438,76.0,19.5
Valdivia,mp10,2019-12,11.77068062289202,51.666666666666664,17.722659285159285
Valdivia,mp10,2020-01,,13.115182328190745,1.0
Valdivia,mp10,2020-02,,14.520114942528737,1.0
Valdivia,mp10,2020-03,,13.501648421704525,5.666666666666667
Valdivia,mp10,2020-04,,44.97356280193237,17.0
Valdivia,mp10,2020-05,,62.079139673634764,55.0
Valdivia,mp10,2020-06,,50.43017127799737,6.0
Valdivia,mp10,2020-07,,64.47469445001,41.5
Valdivia,mp10,2020-08,,63.04196594273733,32.75
Valdivia,mp10,2020-09,,42.30857487922706,20.0
Valdivia,mp10,2020-10,,24.654075821326877,57.5
Valdivia,mp10,2020-11,,15.47122310057093,27.5
Valdivia,mp10,2020-12,,13.526174007152266,34.88492063492064
Valdivia,mp10,2021-01,,13.311185133239833,43.0
Valdivia,mp10,2021-02,,14.655556787932564,19.166666666666668
Valdivia,mp10,2021-03,,14.804758666609999,6.190476190476191
Valdivia,mp10,2021-04,,36.5961096471966,4.5
Valdivia,mp10,2021-05,,48.67592592592592,
Valdivia,mp2.5,2008-08,,46.77240629568369,
Valdivia,mp2.5,2008-09,,44.78428315157003,
Valdivia,mp2.5,2008-10,,23.741933615591403,
Valdivia,mp2.5,2008-11,,10.713193236111108,
Valdivia,mp2.5,2008-12,,9.074864312762978,
Valdivia,mp2.5,2009-01,,8.165589381720432,
Valdivia,mp2.5,2009-02,,9.567706577380951,
Valdivia,mp2.5,2009-03,,15.245964838709678,
Valdivia,mp2.5,2009-04,,29.619425485258596,33.69
Valdivia,mp2.5,2009-05,,64.1922824214976,4.64967
Valdivia,mp2.5,2009-06,,74.43151126999,215.45291666666665
Valdivia,mp2.5,2009-07,,111.22738413978495,
Valdivia,mp2.5,2009-08,,47.13602425830889,48.015
Valdivia,mp2.5,2009-09,,53.479845125,
Valdivia,mp2.5,2009-10,,29.717739562012962,21.243850000000002
Valdivia,mp2.5,2009-11,,23.276801986111114,
Valdivia,mp2.5,2009-12,,12.129614033080806,20.623955833333333
Valdivia,mp2.5,2010-01,,,10.656475662225594
Valdivia,mp2.5,2010-02,,,11.392687177331645
Valdivia,mp2.5,2010-03,,,17.089177436557808
Valdivia,mp2.5,2010-04,,,45.0746924101391
Valdivia,mp2.5,2010-05,,123.067190278348,
Valdivia,mp2.5,2010-06,,127.9717032523374,
Valdivia,mp2.5,2010-07,,83.32288534848311,
Valdivia,mp2.5,2010-08,,82.56526042268047,
Valdivia,mp2.5,2010-09,,66.06912179796446,
Valdivia,mp2.5,2010-10,,34.52788003878193,
Valdivia,mp2.5,2010-11,,14.178341066373678,
Valdivia,mp2.5,2010-12,,15.496711254887584,
Valdivia,mp2.5,2011-01,,22.42211593572496,
Valdivia,mp2.5,2011-02,,9.716989120189035,
Valdivia,mp2.5,2011-03,,21.443627254393068,
Valdivia,mp2.5,2011-04,,36.97529334821429,
Valdivia,mp2.5,2011-05,,,
Valdivia,mp2.5,2011-06,,114.07679122206426,
Valdivia,mp2.5,2011-07,,80.8605926916192,
Valdivia,mp2.5,2011-08,,87.03049411430727,
Valdivia,mp2.5,2011-09,,60.27396340787739,
Valdivia,mp2.5,2011-10,,40.52535316404029,
Valdivia,mp2.5,2011-11,,14.821532908789756,
Valdivia,mp2.5,2011-12,,12.020248059636133,
Valdivia,mp2.5,2012-01,,12.042332569217017,36.30214267857142
Valdivia,mp2.5,2012-02,,11.333775562960145,31.21859631578948
Valdivia,mp2.5,2012-03,,13.724453191393255,39.26555208333333
Valdivia,mp2.5,2012-04,,33.42946071799517,31.082738095238092
Valdivia,mp2.5,2012-05,,62.74286435975666,51.99999444444445
Valdivia,mp2.5,2012-06,,53.126523348171155,
Valdivia,mp2.5,2012-07,,85.07346261022873,45.27914791666666
Valdivia,mp2.5,2012-08,,58.129277476624594,68.51248749999999
Valdivia,mp2.5,2012-09,,37.25454814225328,28.2625
Valdivia,mp2.5,2012-10,,25.74335000253941,72.86387222222224
Valdivia,mp2.5,2012-11,,19.079880352950834,18.14152705403971
Valdivia,mp2.5,2012-12,,26.028418595571104,22.773478260869563
Valdivia,mp2.5,2013-01,,,
Valdivia,mp2.5,2013-02,,,
Valdivia,mp2.5,2013-03,10.11923963133641,,
Valdivia,mp2.5,2013-04,31.604863378284765,,21.108112874779543
Valdivia,mp2.5,2013-05,25.540517958124422,,51.32794566544566
Valdivia,mp2.5,2013-06,55.14774453299053,,88.01470588235294
Valdivia,mp2.5,2013-07,71.95665030388032,,224.89583333333334
Valdivia,mp2.5,2013-08,54.77713940648722,,24.239583333333336
Valdivia,mp2.5,2013-09,47.35652722880983,,325.8333333333333
Valdivia,mp2.5,2013-10,19.245214871617396,,48.5
Valdivia,mp2.5,2013-11,12.099999999999998,,
Valdivia,mp2.5,2013-12,7.313172043010752,,
Valdivia,mp2.5,2014-01,6.670172978027116,,59.0
Valdivia,mp2.5,2014-02,8.017132505175983,,2.555555555555556
Valdivia,mp2.5,2014-03,14.954590991056634,,44.0
Valdivia,mp2.5,2014-04,29.769827153522805,,185.54248366013073
Valdivia,mp2.5,2014-05,37.257060338757384,,9.148783417905983
Valdivia,mp2.5,2014-06,50.67934782608695,,18.0
Valdivia,mp2.5,2014-07,53.648690977092095,,23.357142857142858
Valdivia,mp2.5,2014-08,61.15497896213183,,62.67
Valdivia,mp2.5,2014-09,39.62361111111111,,-12.466033333333336
Valdivia,mp2.5,2014-10,21.83720196353436,,3.1252242499999996
Valdivia,mp2.5,2014-11,12.893472547446516,,8.719521500000003
Valdivia,mp2.5,2014-12,7.280880007494033,,10.603452166666667
Valdivia,mp2.5,2015-01,6.96866496056538,,5.812610714285715
Valdivia,mp2.5,2015-02,8.754671325051758,7.2,12.803875
Valdivia,mp2.5,2015-03,10.131895745675552,4.0,15.526638749999998
Valdivia,mp2.5,2015-04,37.66507445050924,5.0,77.12934310185184
Valdivia,mp2.5,2015-05,73.23717534208757,15.316675,54.12762916666666
Valdivia,mp2.5,2015-06,78.5079857582484,,324.0287597916667
Valdivia,mp2.5,2015-07,62.39005826606071,63.1375,
Valdivia,mp2.5,2015-08,61.0973411016724,,1.0
Valdivia,mp2.5,2015-09,56.0530070169082,,22.41
Valdivia,mp2.5,2015-10,28.211559883517594,79.50995,
Valdivia,mp2.5,2015-11,18.861171993302595,,10.63
Valdivia,mp2.5,2015-12,13.008539411525971,,73.77170211309524
Valdivia,mp2.5,2016-01,6.395025820279313,,44.91367951127819
Valdivia,mp2.5,2016-02,5.837329916723115,2.308712121212121,49.60646527777777
Valdivia,mp2.5,2016-03,10.26645528884811,11.790872035067874,81.29777857142857
Valdivia,mp2.5,2016-04,56.63185459652499,9.678381904024768,75.47500496031746
Valdivia,mp2.5,2016-05,103.21001486241944,95.91666666666666,44.98333333333333
Valdivia,mp2.5,2016-06,74.70428627107253,59.581804999999996,4.074
Valdivia,mp2.5,2016-07,76.87186665007366,66.70894166666666,121.95291666666668
Valdivia,mp2.5,2016-08,54.52576686594203,,
Valdivia,mp2.5,2016-09,45.159457669466406,,
Valdivia,mp2.5,2016-10,25.060040888743682,43.1375,1.0
Valdivia,mp2.5,2016-11,9.018914283761529,22.74,1.296
Valdivia,mp2.5,2016-12,4.977101382536547,22.33,5.421854773809525
Valdivia,mp2.5,2017-01,4.656381932636856,21.331375,33.93825
Valdivia,mp2.5,2017-02,5.169059448757763,,23.345
Valdivia,mp2.5,2017-03,13.624387424958867,29.084999999999997,
Valdivia,mp2.5,2017-04,36.673272022343006,,
Valdivia,mp2.5,2017-05,51.345816302678166,26.0,
Valdivia,mp2.5,2017-06,67.73163702239789,,
Valdivia,mp2.5,2017-07,65.71037868162692,25.5,1.0
Valdivia,mp2.5,2017-08,55.628350728280594,50.0,81.0
Valdivia,mp2.5,2017-09,53.9534161490683,16.333333333333332,27.5
Valdivia,mp2.5,2017-10,21.979236199133485,20.625,1.0
Valdivia,mp2.5,2017-11,13.346591431917519,26.0,24.966666666666665
Valdivia,mp2.5,2017-12,6.512679750350388,,11.497109250398726
Valdivia,mp2.5,2018-01,4.639776091914942,31.0,
Valdivia,mp2.5,2018-02,5.507052277432712,27.5,31.0
Valdivia,mp2.5,2018-03,15.730362091681432,43.0,3.6286764705882355
Valdivia,mp2.5,2018-04,44.412391939994905,3.0,
Valdivia,mp2.5,2018-05,70.65690743338007,18.0,
Valdivia,mp2.5,2018-06,76.08016578831796,,1.0
Valdivia,mp2.5,2018-07,80.18096285434996,,
Valdivia,mp2.5,2018-08,63.625409069658716,,
Valdivia,mp2.5,2018-09,38.31355401844532,,
Valdivia,mp2.5,2018-10,24.989071996259927,1.0,18.0
Valdivia,mp2.5,2018-11,12.601552250190696,2.6666666666666665,
Valdivia,mp2.5,2018-12,5.370789605197401,,4.4203431372549025
Valdivia,mp2.5,2019-01,4.788686302010286,,
Valdivia,mp2.5,2019-02,5.0854222123632065,,
Valdivia,mp2.5,2019-03,8.531206171107995,,10.0
Valdivia,mp2.5,2019-04,38.98819645732689,,15.0
Valdivia,mp2.5,2019-05,46.854633819958245,17.375,20.0
Valdivia,mp2.5,2019-06,47.15094422485726,8.0,22.0
Valdivia,mp2.5,2019-07,57.82038548174593,76.0,4.0
Valdivia,mp2.5,2019-08,65.91463194355903,,61.5
Valdivia,mp2.5,2019-09,39.55380434782608,,11.0
Valdivia,mp2.5,2019-10,22.83734115347018,,10.5
Valdivia,mp2.5,2019-11,9.783876811594201,58.0,1.0
Valdivia,mp2.5,2019-12,4.474192665571976,4.0,4.2719017094017095
Valdivia,mp2.5,2020-01,,3.6132538569424955,1.0
Valdivia,mp2.5,2020-02,,5.2604866397969845,1.0
Valdivia,mp2.5,2020-03,,6.349444909928782,2.5
Valdivia,mp2.5,2020-04,,38.11951345755694,85.33333333333333
Valdivia,mp2.5,2020-05,,54.0554887686725,16.0
Valdivia,mp2.5,2020-06,,46.04263990840077,14.0
Valdivia,mp2.5,2020-07,,65.89586255259466,66.0
Valdivia,mp2.5,2020-08,,63.024541103811416,17.333333333333332
Valdivia,mp2.5,2020-09,,37.07312801932367,15.0
Valdivia,mp2.5,2020-10,,18.403512686472013,77.33333333333333
Valdivia,mp2.5,2020-11,,7.956779754062362,15.5
Valdivia,mp2.5,2020-12,,4.741993781848856,24.401988636363637
Valdivia,mp2.5,2021-01,,4.331229546517064,27.0
Valdivia,mp2.5,2021-02,,4.129399585921325,
Valdivia,mp2.5,2021-03,,5.181191295847677,15.5
Valdivia,mp2.5,2021-04,,31.77224418093983,27.0625
Valdivia,mp2.5,2021-05,,46.106481481481474,
Valdivia,no2,2015-07,6.876396484051501,,11.55
Valdivia,no2,2015-08,6.6566571809256665,,13.74
Valdivia,no2,2015-09,6.29361466727053,,50.5
Valdivia,no2,2015-10,4.1087572148200096,,
Valdivia,no2,2015-11,3.348254445981554,,2.3
Valdivia,no2,2015-12,2.412051305888478,,8.200000000000001
Valdivia,no2,2016-01,2.4078272078073866,,3.5
Valdivia,no2,2016-02,2.69222749132013,,2.716666666666667
Valdivia,no2,2016-03,2.968441868970207,,5.24
Valdivia,no2,2016-04,3.844445495962733,,22.314666
Valdivia,no2,2016-05,7.961347580432654,,7.349995
Valdivia,no2,2016-06,7.656578060331578,,11.216666666666667
Valdivia,no2,2016-07,8.441051009316771,,17.75833
Valdivia,no2,2016-08,6.522278938756428,,7.399996666666667
Valdivia,no2,2016-09,6.558977138888889,,
Valdivia,no2,2016-10,4.570143251519401,,133.3
Valdivia,no2,2016-11,4.091900448412697,,1.05
Valdivia,no2,2016-12,3.54261647515709,,3.230769230769231
Valdivia,no2,2017-01,,,4.648020017576509
Valdivia,no2,2017-02,,,2.7930757575757577
Valdivia,no2,2017-03,,,5.739602143384326
Valdivia,no2,2017-04,,,
Valdivia,no2,2017-05,,,
Valdivia,no2,2017-06,,,
Valdivia,no2,2017-07,,,
Valdivia,no2,2017-08,,,
Valdivia,no2,2017-09,,,
Valdivia,no2,2017-10,,,
Valdivia,no2,2017-11,,,
Valdivia,no2,2017-12,,,
Valdivia,no2,2018-01,,,
Valdivia,no2,2018-02,,,
Valdivia,no2,2018-03,,,
Valdivia,no2,2018-04,,,
Valdivia,no2,2018-05,,,
Valdivia,no2,2018-06,,,
Valdivia,no2,2018-07,,,
Valdivia,no2,2018-08,,,
Valdivia,no2,2018-09,,,
Valdivia,no2,2018-10,,,
Valdivia,no2,2018-11,,,
Valdivia,no2,2018-12,,,
Valdivia,no2,2019-01,,,
Valdivia,no2,2019-02,,,
Valdivia,no2,2019-03,,,
Valdivia,no2,2019-04,,,
Valdivia,no2,2019-05,,,
Valdivia,no2,2019-06,,,
Valdivia,no2,2019-07,,,
Valdivia,no2,2019-08,,,
Valdivia,no2,2019-09,,,
Valdivia,no2,2019-10,,,
Valdivia,no2,2019-11,,,
Valdivia,no2,2019-12,,,
Valdivia,no2,2020-01,,,
Valdivia,no2,2020-02,,,
Valdivia,no2,2020-03,,,
Valdivia,no2,2020-04,,,
Valdivia,no2,2020-05,,,
Valdivia,no2,2020-06,,,
Valdivia,no2,2020-07,,,8.254352588201272
Valdivia,o3,2015-07,6.506743768115942,,
Valdivia,o3,2015-08,12.217768070413106,,64.27998
Valdivia,o3,2015-09,12.117443080227737,,67.7999
Valdivia,o3,2015-10,11.937319337307155,,7.5
Valdivia,o3,2015-11,8.503903795729029,,52.150000000000006
Valdivia,o3,2015-12,7.004682386629267,,57.216649999999994
Valdivia,o3,2016-01,6.17447237026648,,80.15
Valdivia,o3,2016-02,7.26075596167626,,11.700411246376811
Valdivia,o3,2016-03,10.117315566959922,,45.18
Valdivia,o3,2016-04,8.068619989734298,,78.124975
Valdivia,o3,2016-05,12.819706867968407,,69.87857142857142
Valdivia,o3,2016-06,8.369251259881421,,48.64998333333333
Valdivia,o3,2016-07,8.758942884992985,,63.67220555555556
Valdivia,o3,2016-08,14.617444334969612,,52.675
Valdivia,o3,2016-09,12.011542628224273,,64.85267047758283
Valdivia,o3,2016-10,13.188852027816738,,31.133333333333336
Valdivia,o3,2016-11,10.518427382160109,,6.2
Valdivia,o3,2016-12,7.172448766343561,,15.418159879336352
Valdivia,o3,2017-01,7.079293846681399,,20.801905080213906
Valdivia,o3,2017-02,9.84389050411922,2.837044781543052,29.917499999999997
Valdivia,o3,2017-03,8.827259472518882,14.857847187499999,18.10195652173913
Valdivia,o3,2017-04,7.060951332729469,,97.5
Valdivia,o3,2017-05,6.747313872474749,,2.0833333333333335
Valdivia,o3,2017-06,5.703448275862069,10.48799081035923,
Valdivia,o3,2017-07,5.275858585858587,13.320337995337995,
Valdivia,o3,2017-08,11.151406529977958,13.254738015607582,50.17045454545455
Valdivia,o3,2017-09,8.129166666666668,,4.366161616161616
Valdivia,o3,2017-10,,,
Valdivia,o3,2017-11,,,
Valdivia,o3,2017-12,,,
Valdivia,o3,2018-01,,,
Valdivia,o3,2018-02,,,
Valdivia,so2,2015-05,10.30561873980978,,
Valdivia,so2,2015-06,11.427225783816427,,
Valdivia,so2,2015-07,10.502418879232616,,126.72065555555555
Valdivia,so2,2015-08,10.417317594298526,,126.37133333333334
Valdivia,so2,2015-09,7.260720480676329,,99.29795
Valdivia,so2,2015-10,9.674688591047223,,
Valdivia,so2,2015-11,8.984345566660396,,97.07099874999999
Valdivia,so2,2015-12,9.297384468740702,,91.96198333333335
Valdivia,so2,2016-01,8.032878669354838,,131.13100000000003
Valdivia,so2,2016-02,8.643141391499226,,107.6165
Valdivia,so2,2016-03,9.930925747641208,,100.4131785897436
Valdivia,so2,2016-04,10.809298478269541,,37.15308513017751
Valdivia,so2,2016-05,11.071972669137022,,66.60132371794872
Valdivia,so2,2016-06,5.952204078502416,,95.32433333333334
Valdivia,so2,2016-07,8.10050222186299,,145.31175
Valdivia,so2,2016-08,6.208391034946237,,137.812
Valdivia,so2,2016-09,4.769780305555557,,
Valdivia,so2,2016-10,6.2883820698924735,,
Valdivia,so2,2016-11,4.290116395238094,,18.702160416666665
Valdivia,so2,2016-12,4.479978064085674,,19.015153846153847
Valdivia,so2,2017-01,4.146469541056166,,26.657697303921566
Valdivia,so2,2017-02,3.856300319664904,,10.28151515151515
Valdivia,so2,2017-03,3.5857913575268827,,6.271545893719806
Valdivia,so2,2017-04,3.155762663043478,,75.2595
Valdivia,so2,2017-05,4.752486559139784,,
Valdivia,so2,2017-06,6.427083333333335,,
Valdivia,so2,2017-07,4.5240188172043005,,
Valdivia,so2,2017-08,4.8335483870967755,,119.21000000000001
Valdivia,so2,2017-09,5.051114130434784,12.05327485380117,20.30017857142857
Valdivia,so2,2017-10,5.14851332398317,,59.300000000000004
Valdivia,so2,2017-11,4.947820048309178,,142.52666666666667
Valdivia,so2,2017-12,3.0538709677419353,,
Valdivia,so2,2018-01,,2.916199087650701,
Valdivia,so2,2018-02,,3.3784399471326987,2.620000000000001
Valdivia,so2,2018-03,,5.473920640486208,200.95
Valdivia,so2,2018-04,,10.412742181540809,199.95
Valdivia,so2,2018-05,,13.458732991529267,
Valdivia,so2,2018-06,,11.294032949055774,
Valdivia,so2,2018-07,,9.1750502571295,
Valdivia,so2,2018-08,,9.161325970079476,
Valdivia,so2,2018-09,,3.31172051503957,
Valdivia,so2,2018-10,,2.693948810850984,
Valdivia,so2,2018-11,,2.626740430622009,
Valdivia,so2,2018-12,,3.117232935951379,
Valdivia,so2,2019-01,,4.579323037528157,
Valdivia,so2,2019-02,,8.107224914965986,
Valdivia,so2,2019-03,,3.990233780108783,
Valdivia,so2,2019-04,,2.619999999999999,
Valdivia,so2,2019-05,,3.4451114050745892,
Valdivia,so2,2019-06,,3.605808316080056,
Valdivia,so2,2019-07,,2.7102714551814993,
Valdivia,so2,2019-08,,2.9540521802881554,
Valdivia,so2,2019-09,,3.0983720889141373,12.716666666666667
Valdivia,so2,2019-10,,6.83674640818119,12.369097222222223
Valdivia,so2,2019-11,,6.590326690821255,
Valdivia,so2,2019-12,,6.271914265374645,8.21
Valdivia,so2,2020-01,,6.4891608228144,
Valdivia,so2,2020-02,,6.775311183693867,
Valdivia,so2,2020-03,,6.493600870515235,
Valdivia,so2,2020-04,,6.363560606060605,
Valdivia,so2,2020-05,,6.583274427302478,
Valdivia,so2,2020-06,5.831875,6.743257070707071,
Valdivia,so2,2020-07,6.700879499766246,,
Valdivia,so2,2020-08,5.466215898745332,,
Valdivia,so2,2020-09,6.17151542599912,4.65,
Valdivia,so2,2020-10,6.526792188059719,5.56,
Valdivia,so2,2020-11,6.274855370474936,,
Valdivia,so2,2020-12,5.959736938104751,,
Valdivia,so2,2021-01,6.966886236134132,,
Valdivia,so2,2021-02,7.790004293713534,,
Valdivia,so2,2021-03,7.498647768002606,,
Valdivia,so2,2021-04,2.6199999999999988,2.619999999999999,
Valdivia,so2,2021-05,2.62,2.6199999999999997,
Valdivia_2,mp10,2018-09,,18.441653726708076,
Valdivia_2,mp10,2018-10,,11.553545624548427,
Valdivia_2,mp10,2018-11,,11.836283643892342,
Valdivia_2,mp10,2018-12,14.837718640679663,43.233333333333334,16.0
Valdivia_2,mp10,2019-01,12.995793033520943,62.952182539682546,
Valdivia_2,mp10,2019-02,15.919140066226891,88.30977824463119,10.0
Valdivia_2,mp10,2019-03,11.263081880718627,37.733333333333334,
Valdivia_2,mp10,2019-04,12.318001443001442,,12.25
Valdivia_2,mp10,2019-05,13.22884525479196,,5.0
Valdivia_2,mp10,2019-06,14.629678304787,,36.0
Valdivia_2,mp10,2019-07,14.646739130434787,1.0,62.0
Valdivia_2,mp10,2019-08,17.52705491096094,68.0,1.0
Valdivia_2,mp10,2019-09,17.246291416581272,10.926923076923078,22.0
Valdivia_2,mp10,2019-10,15.56184826646783,50.526666666666664,8.218537414965985
Valdivia_2,mp10,2019-11,11.316540404040408,38.0,
Valdivia_2,mp10,2019-12,11.917092433046152,66.0,35.0
Valdivia_2,mp10,2020-01,,17.600981767180926,8.0
Valdivia_2,mp10,2020-02,,23.318318113670436,35.0
Valdivia_2,mp10,2020-03,,10.569286837519654,16.0
Valdivia_2,mp10,2020-04,,12.326959815546768,7.0
Valdivia_2,mp10,2020-05,,13.69411663216011,9.6
Valdivia_2,mp10,2020-06,,9.382427536231884,
Valdivia_2,mp10,2020-07,,16.064516129032256,
Valdivia_2,mp10,2020-08,,17.531926406926406,1.0
Valdivia_2,mp10,2020-09,,16.51348814229249,79.5
Valdivia_2,mp10,2020-10,,11.867871017871018,21.44375
Valdivia_2,mp10,2020-11,,11.337206396801601,29.102083333333333
Valdivia_2,mp10,2020-12,,10.471482000935014,67.0
Valdivia_2,mp10,2021-01,,10.860135364868889,171.5
Valdivia_2,mp10,2021-02,,15.322140269151138,16.333333333333332
Valdivia_2,mp10,2021-03,,12.251211271197244,70.0
Valdivia_2,mp10,2021-04,,13.358341959972394,8.0
Valdivia_2,mp10,2021-05,,15.546296296296298,
Valdivia_2,mp2.5,2018-09,,12.536831435472743,
Valdivia_2,mp2.5,2018-10,,7.070535296867694,
Valdivia_2,mp2.5,2018-11,,6.847222222222221,
Valdivia_2,mp2.5,2018-12,5.937539184952976,1.5,6.254901960784314
Valdivia_2,mp2.5,2019-01,4.077414792258865,17.0,
Valdivia_2,mp2.5,2019-02,4.4881599378882,5.0,
Valdivia_2,mp2.5,2019-03,4.417484805984105,,
Valdivia_2,mp2.5,2019-04,9.662932900432901,,23.0
Valdivia_2,mp2.5,2019-05,10.961839644693782,,
Valdivia_2,mp2.5,2019-06,12.162111330698288,17.5,36.0
Valdivia_2,mp2.5,2019-07,12.019468376410874,13.0,41.5
Valdivia_2,mp2.5,2019-08,14.33817416804794,64.0,
Valdivia_2,mp2.5,2019-09,9.3804457619675,,10.333333333333334
Valdivia_2,mp2.5,2019-10,6.400749300674338,,3.3733954451345753
Valdivia_2,mp2.5,2019-11,3.9355167810831424,17.0,
Valdivia_2,mp2.5,2019-12,3.6354703920902023,,3.110732323232323
Valdivia_2,mp2.5,2020-01,,4.699684431977558,8.0
Valdivia_2,mp2.5,2020-02,,3.8806108309481617,3.0
Valdivia_2,mp2.5,2020-03,,3.8476188958306774,32.5
Valdivia_2,mp2.5,2020-04,,9.681790733421169,2.0
Valdivia_2,mp2.5,2020-05,,10.886249137336096,4.260416666666667
Valdivia_2,mp2.5,2020-06,,6.961749069643809,3.4
Valdivia_2,mp2.5,2020-07,,14.357059373539036,16.0
Valdivia_2,mp2.5,2020-08,,15.34753389434315,38.5
Valdivia_2,mp2.5,2020-09,,11.927178456226427,10.056249999999999
Valdivia_2,mp2.5,2020-10,,6.641847491172827,6.816071428571429
Valdivia_2,mp2.5,2020-11,,4.220410628019324,12.0
Valdivia_2,mp2.5,2020-12,,4.070784988737303,19.0
Valdivia_2,mp2.5,2021-01,,4.364077308852904,16.25
Valdivia_2,mp2.5,2021-02,,5.576730425371729,2.625
Valdivia_2,mp2.5,2021-03,,4.493304484121575,3.246790382819795
Valdivia_2,mp2.5,2021-04,,8.467667356797792,5.0
Valdivia_2,mp2.5,2021-05,,10.347222222222221,
Vivero_Los_Castanos,co,2008-01,,0.06946430290322579,
Vivero_Los_Castanos,co,2008-02,,0.13987994736842105,
Vivero_Los_Castanos,co,2008-03,,0.10318472206896553,
Vivero_Los_Castanos,co,2008-04,,0.21532914827586208,
Vivero_Los_Castanos,co,2008-05,,0.2711838666666667,
Vivero_Los_Castanos,co,2008-06,,0.18878840909090913,
Vivero_Los_Castanos,co,2008-07,,0.09237079677419355,
Vivero_Los_Castanos,co,2008-08,,0.08226585862068965,
Vivero_Los_Castanos,co,2008-09,,0.18747707000000002,
Vivero_Los_Castanos,co,2008-10,,0.13293157741935482,
Vivero_Los_Castanos,co,2008-11,,0.10274784137931035,
Vivero_Los_Castanos,co,2008-12,,0.11727719032258069,
Vivero_Los_Castanos,co,2009-01,,0.09067613448275862,
Vivero_Los_Castanos,co,2009-02,,0.0850917,
Vivero_Los_Castanos,co,2009-03,,0.09203461290322583,
Vivero_Los_Castanos,co,2009-04,,0.11326608333333331,
Vivero_Los_Castanos,co,2009-05,,0.13287248695652173,
Vivero_Los_Castanos,co,2009-06,,0.12262835517241377,
Vivero_Los_Castanos,mp10,2008-01,,21.51783333333334,
Vivero_Los_Castanos,mp10,2008-02,,23.810466666666674,
Vivero_Los_Castanos,mp10,2008-03,,18.991891304347824,
Vivero_Los_Castanos,mp10,2008-04,,20.578228571428575,
Vivero_Los_Castanos,mp10,2008-05,,19.25282105263158,
Vivero_Los_Castanos,mp10,2008-06,,19.683829411764705,
Vivero_Los_Castanos,mp10,2008-07,,12.432234516129034,
Vivero_Los_Castanos,mp10,2008-08,,9.448943103448276,
Vivero_Los_Castanos,mp10,2008-09,,22.692320000000006,
Vivero_Los_Castanos,mp10,2008-10,,12.249351935483869,
Vivero_Los_Castanos,mp10,2008-11,,12.498941666666665,
Vivero_Los_Castanos,mp10,2008-12,,15.732516129032259,
Vivero_Los_Castanos,mp10,2009-01,,16.09655482758621,
Vivero_Los_Castanos,mp10,2009-02,,13.100920740740742,
Vivero_Los_Castanos,mp10,2009-03,,15.23328,
Vivero_Los_Castanos,mp10,2009-04,,14.158501333333334,
Vivero_Los_Castanos,mp10,2009-05,,14.442943478260867,
Vivero_Los_Castanos,mp10,2009-06,,12.818829310344826,
Vivero_Los_Castanos,no,2008-04,,1.203588074074074,
Vivero_Los_Castanos,no,2008-05,,1.9053313666666667,
Vivero_Los_Castanos,no,2008-06,,1.8263672142857144,
Vivero_Los_Castanos,no,2008-07,,0.8646591612903224,
Vivero_Los_Castanos,no,2008-08,,0.8596658965517241,
Vivero_Los_Castanos,no,2008-09,,4.063548999999999,
Vivero_Los_Castanos,no,2008-10,,0.5477754838709679,
Vivero_Los_Castanos,no,2008-11,,0.6948343666666668,
Vivero_Los_Castanos,no,2008-12,,1.1292489677419357,
Vivero_Los_Castanos,no,2009-01,,0.9733488275862068,
Vivero_Los_Castanos,no,2009-02,,0.7882040740740743,
Vivero_Los_Castanos,no,2009-03,,1.4024531612903226,
Vivero_Los_Castanos,no,2009-04,,1.6953583333333326,
Vivero_Los_Castanos,no,2009-05,,1.410811260869565,
Vivero_Los_Castanos,no,2009-06,,1.122510931034483,
Vivero_Los_Castanos,no2,2008-01,,0.7560618399999999,
Vivero_Los_Castanos,no2,2008-02,,1.7216416,
Vivero_Los_Castanos,no2,2008-03,,2.010919642857143,
Vivero_Los_Castanos,no2,2008-04,,1.0410909333333334,
Vivero_Los_Castanos,no2,2008-05,,2.201309285714286,
Vivero_Los_Castanos,no2,2008-06,,1.9324116666666662,
Vivero_Los_Castanos,no2,2008-07,,0.7513043225806451,
Vivero_Los_Castanos,no2,2008-08,,0.6442394137931035,
Vivero_Los_Castanos,no2,2008-09,,3.6717372333333334,
Vivero_Los_Castanos,no2,2008-10,,0.5621812903225806,
Vivero_Los_Castanos,no2,2008-11,,0.4532457666666667,
Vivero_Los_Castanos,no2,2008-12,,0.5715469677419356,
Vivero_Los_Castanos,no2,2009-01,,0.8982000357142857,
Vivero_Los_Castanos,no2,2009-02,,1.4004838888888889,
Vivero_Los_Castanos,no2,2009-03,,2.0598492580645162,
Vivero_Los_Castanos,no2,2009-04,,2.110855333333333,
Vivero_Los_Castanos,no2,2009-05,,2.1889453913043475,
Vivero_Los_Castanos,no2,2009-06,,1.5971014827586207,
Vivero_Los_Castanos,nox,2008-01,,0.8391262000000002,
Vivero_Los_Castanos,nox,2008-02,,1.2065916666666663,
Vivero_Los_Castanos,nox,2008-03,,,
Vivero_Los_Castanos,nox,2008-04,,1.465435392857143,
Vivero_Los_Castanos,nox,2008-05,,1.7621980333333336,
Vivero_Los_Castanos,nox,2008-06,,1.4090159130434785,
Vivero_Los_Castanos,nox,2008-07,,0.7572368387096775,
Vivero_Los_Castanos,nox,2008-08,,0.6385700000000001,
Vivero_Los_Castanos,nox,2008-09,,3.930975699999999,
Vivero_Los_Castanos,nox,2008-10,,0.5087008709677419,
Vivero_Los_Castanos,nox,2008-11,,0.5131935,
Vivero_Los_Castanos,nox,2008-12,,0.7700303225806453,
Vivero_Los_Castanos,nox,2009-01,,0.8762339999999998,
Vivero_Los_Castanos,nox,2009-02,,1.0984225185185186,
Vivero_Los_Castanos,nox,2009-03,,1.7801248709677417,
Vivero_Los_Castanos,nox,2009-04,,1.9670722333333335,
Vivero_Los_Castanos,nox,2009-05,,1.7498167391304347,
Vivero_Los_Castanos,nox,2009-06,,1.3750163103448276,
Vivero_Los_Castanos,o3,2008-01,,7.7275789655172415,
Vivero_Los_Castanos,o3,2008-02,,13.499858888888891,
Vivero_Los_Castanos,o3,2008-03,,14.198752272727274,
Vivero_Los_Castanos,o3,2008-04,,7.2314482608695645,
Vivero_Los_Castanos,o3,2008-05,,12.950304166666667,
Vivero_Los_Castanos,o3,2008-06,,19.924329999999998,
Vivero_Los_Castanos,o3,2008-07,,17.97673838709677,
Vivero_Los_Castanos,o3,2008-08,,21.919799655172415,
Vivero_Los_Castanos,o3,2008-09,,13.360211333333332,
Vivero_Los_Castanos,o3,2008-10,,19.613267741935484,
Vivero_Los_Castanos,o3,2008-11,,16.73289,
Vivero_Los_Castanos,o3,2008-12,,11.669174,
Vivero_Los_Castanos,o3,2009-01,,11.812546896551725,
Vivero_Los_Castanos,o3,2009-02,,13.108905555555557,
Vivero_Los_Castanos,o3,2009-03,,10.441159354838707,
Vivero_Los_Castanos,o3,2009-04,,11.673673666666668,
Vivero_Los_Castanos,o3,2009-05,,13.91721608695652,
Vivero_Los_Castanos,o3,2009-06,,13.42105,
Vivero_Los_Castanos,so2,2008-01,,0.6945667499999999,
Vivero_Los_Castanos,so2,2008-02,,2.08548,
Vivero_Los_Castanos,so2,2008-03,,1.817115,
Vivero_Los_Castanos,so2,2008-04,,0.743212,
Vivero_Los_Castanos,so2,2008-05,,2.434851,
Vivero_Los_Castanos,so2,2008-06,,2.437242,
Vivero_Los_Castanos,so2,2008-07,,1.3713685483870968,
Vivero_Los_Castanos,so2,2008-08,,1.066635827586207,
Vivero_Los_Castanos,so2,2008-09,,0.6598916086956522,
Vivero_Los_Castanos,so2,2008-10,,0.8399345,
Vivero_Los_Castanos,so2,2008-11,,0.9389887142857143,
Vivero_Los_Castanos,so2,2008-12,,1.0841111666666665,
Vivero_Los_Castanos,so2,2009-01,,0.9739880689655174,
Vivero_Los_Castanos,so2,2009-02,,1.0987567037037038,
Vivero_Los_Castanos,so2,2009-03,,0.8275745600000001,
Vivero_Los_Castanos,so2,2009-04,,0.614771375,
Vivero_Los_Castanos,so2,2009-05,,1.3847055,
Vivero_Los_Castanos,so2,2009-06,,2.843454482758621,
