Estacion,Material,Fecha,Registros Validados,Registros Preliminares,Registros No Validados
Cauquenes_Sivica,mp10,2021-03,,31.164092791266707,2.4198717948717947
Cauquenes_Sivica,mp10,2021-04,,26.77364679402723,32.733333333333334
Cauquenes_Sivica,mp10,2021-05,,,45.124698067632856
Cauquenes_Sivica,mp2.5,2021-03,,13.759601449275362,21.92975955204216
Cauquenes_Sivica,mp2.5,2021-04,,12.528401248509946,20.841666666666665
Cauquenes_Sivica,mp2.5,2021-05,,,20.98313492063492
Curico,mp10,2012-07,,,101.44340773827493
Curico,mp10,2012-08,,,175.84064829301073
Curico,mp10,2012-09,,,777.7299295056022
Curico,mp10,2012-10,,,
Curico,mp10,2012-11,,,
Curico,mp10,2012-12,,,
Curico,mp10,2013-01,,,998.0
Curico,mp10,2013-02,,,
Curico,mp10,2013-03,67.04569892473118,,
Curico,mp10,2013-04,57.93548136645963,,998.0
Curico,mp10,2013-05,74.01162570866995,,380.9761904761905
Curico,mp10,2013-06,64.14576306543698,,592.65625
Curico,mp10,2013-07,64.41076437587657,,14.0
Curico,mp10,2013-08,69.43256194483405,,998.0
Curico,mp10,2013-09,41.53686868686868,,
Curico,mp10,2013-10,32.48790322580645,,916.5
Curico,mp10,2013-11,27.93556763285024,,884.0
Curico,mp10,2013-12,33.557300362875395,,666.1461538461539
Curico,mp10,2014-01,36.42883356708742,,761.375
Curico,mp10,2014-02,33.15375611707134,,870.5
Curico,mp10,2014-03,44.382151762060595,,511.2857142857143
Curico,mp10,2014-04,53.47410282953762,,585.0
Curico,mp10,2014-05,76.04149524700016,,169.66666666666666
Curico,mp10,2014-06,74.6280878577234,,81.0
Curico,mp10,2014-07,88.1200327255727,,47.14583333333333
Curico,mp10,2014-08,61.254787671503564,,8.283333333333333
Curico,mp10,2014-09,38.99840689503732,,17.69460540277778
Curico,mp10,2014-10,38.782630090223016,,21.73218018333333
Curico,mp10,2014-11,35.35019990108696,,6.38582
Curico,mp10,2014-12,33.338020170766754,,14.94592887001134
Curico,mp10,2015-01,42.21709911173445,42.666666666666664,31.789329757575757
Curico,mp10,2015-02,60.77909451659451,32.0,36.520512499999995
Curico,mp10,2015-03,64.53406965871903,,58.8458
Curico,mp10,2015-04,80.75684406173538,57.99259259259259,36.336225
Curico,mp10,2015-05,84.77932750518077,25.446144833333335,39.38178416666666
Curico,mp10,2015-06,82.09504830917874,28.166666666666668,49.0
Curico,mp10,2015-07,82.77251097150324,,83.75
Curico,mp10,2015-08,49.38317939595896,271.75,93.8125
Curico,mp10,2015-09,37.61144643902796,16.25,50.916666666666664
Curico,mp10,2015-10,27.105604975319213,71.52083333333333,14.166666666666666
Curico,mp10,2015-11,25.476018884497144,8.8125,74.58333333333333
Curico,mp10,2015-12,31.68701124144673,46.916666666666664,111.75
Curico,mp10,2016-01,31.482090283320584,62.14877333333334,62.53940833333334
Curico,mp10,2016-02,39.62230982610093,43.129340476190464,47.499773749999996
Curico,mp10,2016-03,52.581194611436956,62.37542500000001,103.753955
Curico,mp10,2016-04,44.590003631786296,11.840395000000001,50.02248566666667
Curico,mp10,2016-05,62.95715658416268,44.327422291666664,83.85690993055555
Curico,mp10,2016-06,79.36191506816256,23.829146904761906,27.472493571428572
Curico,mp10,2016-07,74.83722172108823,6.064488571428571,27.258643055555556
Curico,mp10,2016-08,49.636441139161604,7.10870875,51.30315
Curico,mp10,2016-09,46.17098825145083,9.2379,119.39053499999999
Curico,mp10,2016-10,27.428813787666282,,101.2922875
Curico,mp10,2016-11,30.06403075916776,1.0,95.27913333333333
Curico,mp10,2016-12,29.693574548812105,15.645073333333334,40.98859541666667
Curico,mp10,2017-01,50.90040052212164,11.1304375,248.49025
Curico,mp10,2017-02,33.63527560057443,14.126705000000001,50.035945000000005
Curico,mp10,2017-03,36.271427561505845,51.35350125,54.704708
Curico,mp10,2017-04,35.08990742336407,31.228559999999998,83.04885
Curico,mp10,2017-05,51.26344712148534,,83.5
Curico,mp10,2017-06,58.41123084390819,2.5,36.050000000000004
Curico,mp10,2017-07,69.75778902023644,,2.75
Curico,mp10,2017-08,53.46277466105656,1.0,391.0
Curico,mp10,2017-09,35.42258454106279,,331.0
Curico,mp10,2017-10,23.214878447872834,7.5,11.0
Curico,mp10,2017-11,28.75936539306105,,21.0
Curico,mp10,2017-12,28.608201581027668,6.75,1.0
Curico,mp10,2018-01,32.12715109419177,,148.75
Curico,mp10,2018-02,34.00814041031433,,47.0
Curico,mp10,2018-03,31.249941561477332,,167.0
Curico,mp10,2018-04,38.34969806763286,,46.5
Curico,mp10,2018-05,52.987636078274235,,50.333333333333336
Curico,mp10,2018-06,72.46521739130434,,
Curico,mp10,2018-07,55.7798620850865,,120.0
Curico,mp10,2018-08,60.3314382555266,,75.83333333333333
Curico,mp10,2018-09,35.615058190601665,,9.0
Curico,mp10,2018-10,24.407876825344445,,1.5
Curico,mp10,2018-11,24.731340579710146,,1.6666666666666667
Curico,mp10,2018-12,28.863067916188534,,55.5
Curico,mp10,2019-01,34.85644311275448,2.0,
Curico,mp10,2019-02,41.505111283643885,,105.0
Curico,mp10,2019-03,45.73236644141273,1.0,137.08333333333334
Curico,mp10,2019-04,54.93134057971015,,111.0
Curico,mp10,2019-05,59.143192291579396,,10.974603174603175
Curico,mp10,2019-06,59.39027777777777,,82.0
Curico,mp10,2019-07,68.53338736999325,,43.83333333333333
Curico,mp10,2019-08,48.71968406768547,,100.91176470588235
Curico,mp10,2019-09,31.905012077294682,4.0,73.66666666666667
Curico,mp10,2019-10,29.113150792638866,2.0,33.46666666666667
Curico,mp10,2019-11,33.26916054959533,7.0,20.75
Curico,mp10,2019-12,33.97463768115942,1.0,25.0
Curico,mp10,2020-01,,40.15613929146538,18.6
Curico,mp10,2020-02,,40.933533233383294,156.94444444444443
Curico,mp10,2020-03,,41.769431643625204,37.5
Curico,mp10,2020-04,,53.350823451910415,61.0
Curico,mp10,2020-05,,54.84948892855625,29.0
Curico,mp10,2020-06,,51.72597747662964,33.93055555555556
Curico,mp10,2020-07,,52.03120161745689,9.868888888888888
Curico,mp10,2020-08,,40.203190743338,31.75
Curico,mp10,2020-09,,31.605845410628017,35.57142857142857
Curico,mp10,2020-10,,30.49977459426968,16.26666666666667
Curico,mp10,2020-11,,29.120335200164256,29.442857142857143
Curico,mp10,2020-12,,29.827505885885977,
Curico,mp10,2021-01,,30.68951435816794,25.5
Curico,mp10,2021-02,,23.82757505175983,7.8
Curico,mp10,2021-03,,33.263162480343404,2.0
Curico,mp10,2021-04,,41.785391963109355,48.25
Curico,mp10,2021-05,,49.92234848484848,126.0
Curico,mp2.5,2012-07,,,89.95418270657206
Curico,mp2.5,2012-08,,,179.6865568942866
Curico,mp2.5,2012-09,,,772.7471768398586
Curico,mp2.5,2012-10,,,
Curico,mp2.5,2012-11,,,
Curico,mp2.5,2012-12,,,
Curico,mp2.5,2013-01,,,
Curico,mp2.5,2013-02,,,
Curico,mp2.5,2013-03,19.87453249181861,,
Curico,mp2.5,2013-04,30.13609777903256,,32.27777777777778
Curico,mp2.5,2013-05,63.196568246568255,,105.075
Curico,mp2.5,2013-06,59.05784934969411,,595.1071428571429
Curico,mp2.5,2013-07,54.67516845006326,,412.0
Curico,mp2.5,2013-08,54.67913000977518,,
Curico,mp2.5,2013-09,29.37724292615598,,
Curico,mp2.5,2013-10,15.011608015640276,,956.0
Curico,mp2.5,2013-11,8.743357487922706,,967.5
Curico,mp2.5,2013-12,9.331364789955254,,525.7083333333334
Curico,mp2.5,2014-01,11.011590424167007,,855.25
Curico,mp2.5,2014-02,10.10849567099567,,983.0
Curico,mp2.5,2014-03,16.810801614623497,,495.5
Curico,mp2.5,2014-04,36.13703337725077,,497.25
Curico,mp2.5,2014-05,47.16581391161188,,738.6666666666666
Curico,mp2.5,2014-06,50.66573553258336,,520.2083333333334
Curico,mp2.5,2014-07,59.40007012622721,,43.0
Curico,mp2.5,2014-08,40.832891679771066,,613.71204
Curico,mp2.5,2014-09,19.379605841018886,,8.2027075
Curico,mp2.5,2014-10,12.975535148115094,,1.0065983333333328
Curico,mp2.5,2014-11,9.999923678205015,,25.87084505887446
Curico,mp2.5,2014-12,10.46652952981416,,13.131922678703706
Curico,mp2.5,2015-01,11.760151980996135,15.833333333333334,76.54846374489797
Curico,mp2.5,2015-02,16.233869927523,4.026315789473684,63.53782766666668
Curico,mp2.5,2015-03,16.522907269722676,22.0,37.10219045454546
Curico,mp2.5,2015-04,34.70214458247067,23.0,39.134818333333335
Curico,mp2.5,2015-05,50.07515850940278,77.4275,74.65644444444445
Curico,mp2.5,2015-06,42.53888324939613,15.6,24.5842
Curico,mp2.5,2015-07,43.41604470391521,,40.013949999999994
Curico,mp2.5,2015-08,26.84478400350632,,15.02768125
Curico,mp2.5,2015-09,19.749505454911436,7.63593,
Curico,mp2.5,2015-10,12.225245883681536,2.069125,
Curico,mp2.5,2015-11,7.128777753532328,,10.3310997
Curico,mp2.5,2015-12,4.8773743922924915,,3.7416666666666667
Curico,mp2.5,2016-01,10.42181422313194,15.483740000000001,14.153055878787878
Curico,mp2.5,2016-02,11.488357441336152,,18.94
Curico,mp2.5,2016-03,22.422570572166265,21.27,
Curico,mp2.5,2016-04,26.389264640865175,,92.3519575
Curico,mp2.5,2016-05,48.73944652368202,26.32,169.44995
Curico,mp2.5,2016-06,63.30602945954106,,221.39999999999998
Curico,mp2.5,2016-07,61.48606102677547,,161.8899966666667
Curico,mp2.5,2016-08,35.009949707223,,
Curico,mp2.5,2016-09,25.259296434782605,,139.1
Curico,mp2.5,2016-10,10.983016498310596,5.4,17.72
Curico,mp2.5,2016-11,9.201625190821256,,
Curico,mp2.5,2016-12,10.46854256603553,,1.0
Curico,mp2.5,2017-01,26.676841276111944,108.67500000000001,2.595484068627451
Curico,mp2.5,2017-02,13.118272597402596,,
Curico,mp2.5,2017-03,13.564683533777467,,1.0
Curico,mp2.5,2017-04,17.778507593599034,,
Curico,mp2.5,2017-05,39.797600263808185,,6.0
Curico,mp2.5,2017-06,44.52815656565656,,49.0
Curico,mp2.5,2017-07,56.611333734054654,34.0,
Curico,mp2.5,2017-08,40.98223468910707,,
Curico,mp2.5,2017-09,18.56464285714286,,
Curico,mp2.5,2017-10,8.436604828084493,,
Curico,mp2.5,2017-11,7.880132850241546,,
Curico,mp2.5,2017-12,7.215988779803648,,
Curico,mp2.5,2018-01,7.074533334160663,,8.077651515151516
Curico,mp2.5,2018-02,7.6477272727272725,,
Curico,mp2.5,2018-03,9.114656381486673,,
Curico,mp2.5,2018-04,20.372430830039526,,
Curico,mp2.5,2018-05,39.3052541544477,,1.0
Curico,mp2.5,2018-06,64.28573232323232,,
Curico,mp2.5,2018-07,48.20931085043988,,
Curico,mp2.5,2018-08,45.7254922496858,,
Curico,mp2.5,2018-09,20.052278216952125,,
Curico,mp2.5,2018-10,7.811665037471489,,2.5
Curico,mp2.5,2018-11,4.352657004830918,,6.0
Curico,mp2.5,2018-12,5.492928938756426,,90.0
Curico,mp2.5,2019-01,6.927507836990596,,2.775
Curico,mp2.5,2019-02,12.36523033126294,,
Curico,mp2.5,2019-03,15.506858557524758,,3.0
Curico,mp2.5,2019-04,28.15138888888889,,11.0
Curico,mp2.5,2019-05,42.123802541544464,,
Curico,mp2.5,2019-06,46.53381642512077,,
Curico,mp2.5,2019-07,55.03839410939691,,125.75
Curico,mp2.5,2019-08,36.11985741000466,,11.0
Curico,mp2.5,2019-09,19.3870992534036,,25.5
Curico,mp2.5,2019-10,11.182917888563049,,
Curico,mp2.5,2019-11,9.389267676767673,,
Curico,mp2.5,2019-12,10.046458625525945,,39.5
Curico,mp2.5,2020-01,,12.509467963386728,2.3774801587301586
Curico,mp2.5,2020-02,,11.723075962018989,7.0
Curico,mp2.5,2020-03,,11.369306418219463,1.0
Curico,mp2.5,2020-04,,24.40632850241545,25.115384615384617
Curico,mp2.5,2020-05,,41.988971056993506,179.58333333333334
Curico,mp2.5,2020-06,,43.53285573122529,111.71145833333333
Curico,mp2.5,2020-07,,41.422133324833176,122.0
Curico,mp2.5,2020-08,,32.873422159887795,21.0
Curico,mp2.5,2020-09,,19.905060386473433,17.0
Curico,mp2.5,2020-10,,12.008824216923799,31.75
Curico,mp2.5,2020-11,,9.619806763285023,41.0
Curico,mp2.5,2020-12,,9.181119371512077,33.0
Curico,mp2.5,2021-01,,10.781733616235723,44.0
Curico,mp2.5,2021-02,,7.273411371237459,2.3361111111111112
Curico,mp2.5,2021-03,,11.513766446269951,
Curico,mp2.5,2021-04,,24.15764163372859,27.0
Curico,mp2.5,2021-05,,32.821531829684005,45.86666666666667
El_ Boldo,mp2.5,2008-01,,,
El_ Boldo,mp2.5,2008-02,,,
El_ Boldo,mp2.5,2008-03,,,
El_ Boldo,mp2.5,2008-04,,,
El_ Boldo,mp2.5,2008-05,,,
El_ Boldo,mp2.5,2008-06,,,
El_ Boldo,mp2.5,2008-07,,,
El_ Boldo,mp2.5,2008-08,,,
El_ Boldo,mp2.5,2008-09,,,
El_ Boldo,mp2.5,2008-10,,,
El_ Boldo,mp2.5,2008-11,,,
El_ Boldo,mp2.5,2008-12,,,
El_ Boldo,mp2.5,2009-01,,,
El_ Boldo,mp2.5,2009-02,,,
El_ Boldo,mp2.5,2009-03,,,
El_ Boldo,mp2.5,2009-04,,,
El_ Boldo,mp2.5,2009-05,,,
El_ Boldo,mp2.5,2009-06,,,
El_ Boldo,mp2.5,2009-07,,,
El_ Boldo,mp2.5,2009-08,,,
El_ Boldo,mp2.5,2009-09,,,
El_ Boldo,mp2.5,2009-10,,,
El_ Boldo,mp2.5,2009-11,,,
El_boldo,mp10,2008-01,,,
El_boldo,mp10,2008-02,,,
El_boldo,mp10,2008-03,,,
El_boldo,mp10,2008-04,,,
El_boldo,mp10,2008-05,,,
El_boldo,mp10,2008-06,,,
El_boldo,mp10,2008-07,,,
El_boldo,mp10,2008-08,,,
El_boldo,mp10,2008-09,,,
El_boldo,mp10,2008-10,,,
El_boldo,mp10,2008-11,,,
El_boldo,mp10,2008-12,,,
El_boldo,mp10,2009-01,,,
El_boldo,mp10,2009-02,,,
El_boldo,mp10,2009-03,,,
El_boldo,mp10,2009-04,,,
El_boldo,mp10,2009-05,,,
El_boldo,mp10,2009-06,,,
El_boldo,mp10,2009-07,,,
El_boldo,mp10,2009-08,,,
El_boldo,mp10,2009-09,,,
El_boldo,mp10,2009-10,,,
El_boldo,mp10,2009-11,,,
La_ florida,no2,2000-01,14.0,,
La_ florida,no2,2000-02,14.0,,
La_ florida,no2,2000-03,14.0,,
La_ florida,no2,2000-04,14.0,,
La_ florida,no2,2000-05,14.0,,
La_ florida,no2,2000-06,14.0,,
La_ florida,no2,2000-07,14.0,,
La_ florida,no2,2000-08,,,
La_ florida,no2,2000-09,14.0,,
La_ florida,no2,2000-10,,,
La_ florida,no2,2000-11,,,
La_ florida,no2,2000-12,,,
La_ florida,no2,2001-01,,,
La_ florida,no2,2001-02,,,
La_ florida,no2,2001-03,,,
La_ florida,no2,2001-04,,,
La_ florida,no2,2001-05,,,
La_ florida,no2,2001-06,,,
La_ florida,no2,2001-07,,,
La_ florida,no2,2001-08,,,
La_ florida,no2,2001-09,,,
La_ florida,no2,2001-10,,,
La_ florida,no2,2001-11,,,
La_ florida,no2,2001-12,,,
La_ florida,no2,2002-01,,,
La_ florida,no2,2002-02,,,
La_ florida,no2,2002-03,,,
La_ florida,no2,2002-04,,,
La_ florida,no2,2002-05,,,
La_ florida,no2,2002-06,,,
La_ florida,no2,2002-07,,,
La_ florida,no2,2002-08,,,
La_ florida,no2,2002-09,,,
La_ florida,no2,2002-10,,,
La_ florida,no2,2002-11,,,
La_ florida,no2,2002-12,,,
La_ florida,no2,2003-01,,,
La_ florida,no2,2003-02,,,
La_ florida,no2,2003-03,,,
La_ florida,no2,2003-04,,,
La_ florida,no2,2003-05,,,
La_ florida,no2,2003-06,,,
La_ florida,no2,2003-07,,,
La_ florida,no2,2003-08,,,
La_ florida,no2,2003-09,,,
La_ florida,no2,2003-10,,,
La_ florida,no2,2003-11,,,
La_ florida,no2,2003-12,,,
La_ florida,no2,2004-01,,,
La_ florida,no2,2004-02,,,
La_ florida,no2,2004-03,,,
La_ florida,no2,2004-04,,,
La_ florida,no2,2004-05,,,
La_ florida,no2,2004-06,,,
La_ florida,no2,2004-07,,,
La_ florida,no2,2004-08,,,
La_ florida,no2,2004-09,,,
La_ florida,no2,2004-10,,,
La_ florida,no2,2004-11,,,
La_ florida,no2,2004-12,,,
La_ florida,no2,2005-01,,,
La_ florida,no2,2005-02,,,
La_ florida,no2,2005-03,,,
La_ florida,no2,2005-04,,,
La_ florida,no2,2005-05,,,
La_ florida,no2,2005-06,,,
La_ florida,no2,2005-07,,,
La_ florida,no2,2005-08,,,
La_ florida,no2,2005-09,,,
La_ florida,no2,2005-10,,,
La_ florida,no2,2005-11,,,
La_ florida,no2,2005-12,,,
La_ florida,no2,2006-01,,,
La_ florida,no2,2006-02,,,
La_ florida,no2,2006-03,,,
La_ florida,no2,2006-04,,,
La_ florida,no2,2006-05,,,
La_ florida,no2,2006-06,,,
La_ florida,no2,2006-07,,,
La_ florida,no2,2006-08,,,
La_ florida,no2,2006-09,,,
La_ florida,no2,2006-10,,,
La_ florida,no2,2006-11,,,
La_ florida,no2,2006-12,,,
La_ florida,no2,2007-01,,,
La_ florida,no2,2007-02,,,
La_ florida,no2,2007-03,,,
La_ florida,no2,2007-04,,,
La_ florida,no2,2007-05,,,
La_ florida,no2,2007-06,,,
La_ florida,no2,2007-07,,,
La_ florida,no2,2007-08,,,
La_ florida,no2,2007-09,,,
La_ florida,no2,2007-10,,,
La_ florida,no2,2007-11,,,
La_ florida,no2,2007-12,,,
La_ florida,no2,2008-01,,,
La_ florida,no2,2008-02,,,
La_ florida,no2,2008-03,,,
La_ florida,no2,2008-04,,,
La_ florida,no2,2008-05,,,
La_ florida,no2,2008-06,,,
La_ florida,no2,2008-07,,,
La_ florida,no2,2008-08,,,
La_ florida,no2,2008-09,,,
La_ florida,no2,2008-10,,,
La_ florida,no2,2008-11,,,
La_ florida,no2,2008-12,,,
La_ florida,no2,2009-01,,,
La_ florida,no2,2009-02,,,
La_ florida,no2,2009-03,,,
La_ florida,no2,2009-04,,,
La_ florida,no2,2009-05,,,
La_ florida,no2,2009-06,,,
La_ florida,no2,2009-07,,,
La_ florida,no2,2009-08,,,
La_ florida,no2,2009-09,,,
La_ florida,no2,2009-10,,,
La_ florida,no2,2009-11,,,
La_ florida,no2,2009-12,,,
La_ florida,no2,2010-01,,,
La_ florida,no2,2010-02,,,
La_ florida,no2,2010-03,,,
La_ florida,no2,2010-04,,,
La_ florida,no2,2010-05,,,
La_ florida,no2,2010-06,,,
La_ florida,no2,2010-07,,,
La_ florida,no2,2010-08,,,
La_ florida,no2,2010-09,,,
La_ florida,no2,2010-10,,,
La_ florida,no2,2010-11,,,
La_ florida,no2,2010-12,,,
La_ florida,no2,2011-01,,,
La_ florida,no2,2011-02,,,
La_ florida,no2,2011-03,,,
La_ florida,no2,2011-04,,,
La_ florida,no2,2011-05,,,
La_ florida,no2,2011-06,,,
La_ florida,no2,2011-07,,,
La_ florida,no2,2011-08,,,
La_ florida,no2,2011-09,,,
La_ florida,no2,2011-10,,,
La_ florida,no2,2011-11,,,
La_ florida,no2,2011-12,,,
La_ florida,no2,2012-01,,,
La_ florida,no2,2012-02,,,
La_ florida,no2,2012-03,,,
La_ florida,no2,2012-04,,,
La_ florida,no2,2012-05,,,
La_ florida,no2,2012-06,,,
La_ florida,no2,2012-07,,,
La_ florida,no2,2012-08,,,
La_ florida,no2,2012-09,,,
La_ florida,no2,2012-10,,,
La_ florida,no2,2012-11,,,
La_ florida,no2,2012-12,,,
La_ florida,no2,2013-01,,,
La_ florida,no2,2013-02,,,
La_ florida,no2,2013-03,,10.376139545454546,
La_ florida,no2,2013-04,11.182959652777777,,
La_ florida,no2,2013-05,11.27629319892473,,
La_ florida,no2,2013-06,8.126530631838571,,
La_ florida,no2,2013-07,12.830366677185602,,
La_ florida,no2,2013-08,10.315048834560544,,
La_ florida,no2,2013-09,8.733433316425119,,
La_ florida,no2,2013-10,6.04497693782141,,
La_ florida,no2,2013-11,4.915141527777777,,
La_ florida,no2,2013-12,4.369129371201496,,
La_ florida,no2,2014-01,4.640227195535297,,
La_ florida,no2,2014-02,5.244497782738096,,
La_ florida,no2,2014-03,6.733193254069446,,
La_ florida,no2,2014-04,10.408139067632849,,
La_ florida,no2,2014-05,10.949953319892472,,
La_ florida,no2,2014-06,10.683536992322292,,
La_ florida,no2,2014-07,11.932870364603257,,
La_ florida,no2,2014-08,9.827827311827955,,
La_ florida,no2,2014-09,9.23808533080808,,
La_ florida,no2,2014-10,7.484815577956992,,
La_ florida,no2,2014-11,4.7759756527777775,,
La_ florida,no2,2014-12,5.042024627321603,,
La_ florida,no2,2015-01,5.0525448708508645,2.0,
La_ florida,no2,2015-02,7.166967991071429,,
La_ florida,no2,2015-03,9.051999317278677,3.55,
La_ florida,no2,2015-04,9.878403325483093,2.875,
La_ florida,no2,2015-05,10.448367746026179,4.5579149999999995,
La_ florida,no2,2015-06,9.252283166447079,12.1,
La_ florida,no2,2015-07,8.815400287275793,17.1,
La_ florida,no2,2015-08,8.980045624879228,1.248,
La_ florida,no2,2015-09,8.09216981642512,3.557075,
La_ florida,no2,2015-10,6.107986273181097,1.3865,
La_ florida,no2,2015-11,5.092966247835499,2.9473466666666663,
La_ florida,no2,2015-12,3.923674411178758,1.938822,
La_ florida,no2,2016-01,5.118219394927536,8.137357777777776,
La_ florida,no2,2016-02,4.978582886213979,,
La_ florida,no2,2016-03,8.797405004675083,,
La_ florida,no2,2016-04,9.31759644530711,,
La_ florida,no2,2016-05,11.454773430660035,,
La_ florida,no2,2016-06,10.69791068873518,,
La_ florida,no2,2016-07,8.397745471878887,,
La_ florida,no2,2016-08,6.653917554347826,9.876375518782545,
La_ florida,no2,2016-09,7.659187850241546,,
La_ florida,no2,2016-10,5.527717919193944,,
La_ florida,no2,2016-11,3.139365237922705,,
La_ florida,no2,2016-12,3.5841196271622247,,
La_ florida,no2,2017-01,4.629967051541259,,
La_ florida,no2,2017-02,5.269774179121376,7.6433852814938685,
La_ florida,no2,2017-03,,11.61637805341281,
La_ florida,no2,2017-04,,14.372451385649981,
La_ florida,no2,2017-05,,13.096339051808405,
La_ florida,no2,2017-06,9.205362580128206,13.16107828282828,
La_ florida,no2,2017-07,11.411505376344087,,
La_ florida,no2,2017-08,9.986465319393089,,
La_ florida,no2,2017-09,8.831231884057969,8.890532608695652,
La_ florida,no2,2017-10,,6.264827627888094,
La_ florida,no2,2017-11,,7.188157004830917,
La_ florida,no2,2017-12,11.59,4.590529453015427,
La_ florida,no2,2018-01,4.853669385196382,,
La_ florida,no2,2018-02,5.904662267080746,,
La_ florida,no2,2018-03,8.32188723034796,,9.17
La_ florida,no2,2018-04,10.088692984189725,,6.21
La_ florida,no2,2018-05,14.160092124448719,,42.19
La_ florida,no2,2018-06,15.798776372419853,,
La_ florida,no2,2018-07,19.84129892139184,,32.574999999999996
La_ florida,no2,2018-08,15.037778369246459,,1.0
La_ florida,no2,2018-09,11.584345794905579,,
La_ florida,no2,2018-10,5.8457624633431085,,
La_ florida,no2,2018-11,6.374087670180061,,
La_ florida,no2,2018-12,5.452691966752274,6.547500000000001,
La_ florida,no2,2019-01,3.8447986649205137,,7.593785290796162
La_ florida,no2,2019-02,8.607854005897483,,10.579773284313726
La_ florida,no2,2019-03,11.983532289940074,,
La_ florida,no2,2019-04,10.903257091374096,,
La_ florida,no2,2019-05,11.328262303965321,,
La_ florida,no2,2019-06,11.4159246267018,,
La_ florida,no2,2019-07,11.750385775501075,,
La_ florida,no2,2019-08,11.247137176463086,,
La_ florida,no2,2019-09,7.2507856948149305,,
La_ florida,no2,2019-10,7.143708347485366,,
La_ florida,no2,2019-11,4.249731568311706,,8.437936507936508
La_ florida,no2,2019-12,4.142909361851332,,
La_ florida,no2,2020-01,3.9084232907111587,,
La_ florida,no2,2020-02,4.684189155422289,,
La_ florida,no2,2020-03,6.5211429512516474,,
La_ florida,no2,2020-04,9.837514696656001,,
La_ florida,no2,2020-05,10.754813011906279,,
La_ florida,no2,2020-06,12.644228645147125,,
La_ florida,no2,2020-07,10.279371631057113,,12.383333333333335
La_ florida,no2,2020-08,7.145430373156529,,6.095
La_ florida,no2,2020-09,5.832459818535708,,
La_ florida,no2,2020-10,3.4366090705694488,,
La_ florida,no2,2020-11,2.4920513429489404,,1.02
La_ florida,no2,2020-12,2.645913044996145,,
La_ florida,no2,2021-01,2.5027232666132084,,
La_ florida,no2,2021-02,4.253621212121212,,
La_ florida,no2,2021-03,4.28873261264215,,
La_ florida,no2,2021-04,6.785137155718678,,
La_ florida,no2,2021-05,7.974634057971014,11.393958333333334,
La_ florida,no2,2099-12,14.0,,
La_florida,mp10,2004-01,,,
La_florida,mp10,2004-02,,,
La_florida,mp10,2004-03,,,
La_florida,mp10,2004-04,,,
La_florida,mp10,2004-05,,,
La_florida,mp10,2004-06,,,
La_florida,mp10,2004-07,,,
La_florida,mp10,2004-08,,,
La_florida,mp10,2004-09,,,
La_florida,mp10,2004-10,,,
La_florida,mp10,2004-11,,,
La_florida,mp10,2004-12,,,
La_florida,mp10,2005-01,,,
La_florida,mp10,2005-02,,,
La_florida,mp10,2005-03,,,
La_florida,mp10,2005-04,,,
La_florida,mp10,2005-05,,,
La_florida,mp10,2005-06,,,
La_florida,mp10,2005-07,,,
La_florida,mp10,2005-08,,,
La_florida,mp10,2005-09,,,
La_florida,mp10,2005-10,,,
La_florida,mp10,2005-11,,,
La_florida,mp10,2005-12,,,
La_florida,mp10,2006-01,,,
La_florida,mp10,2006-02,,,
La_florida,mp10,2006-03,,,
La_florida,mp10,2006-04,,,
La_florida,mp10,2006-05,,,
La_florida,mp10,2006-06,,,
La_florida,mp10,2006-07,,,
La_florida,mp10,2006-08,,,
La_florida,mp10,2006-09,,,
La_florida,mp10,2006-10,,,
La_florida,mp10,2006-11,,,
La_florida,mp10,2006-12,,,
La_florida,mp10,2007-01,,,
La_florida,mp10,2007-02,,,
La_florida,mp10,2007-03,,,
La_florida,mp10,2007-04,,,
La_florida,mp10,2007-05,,,
La_florida,mp10,2007-06,,,
La_florida,mp10,2007-07,,,
La_florida,mp10,2007-08,,,
La_florida,mp10,2007-09,,,
La_florida,mp10,2007-10,,,
La_florida,mp10,2007-11,,,
La_florida,mp10,2007-12,,,
La_florida,mp10,2008-01,,,
La_florida,mp10,2008-02,,,
La_florida,mp10,2008-03,,,
La_florida,mp10,2008-04,,,
La_florida,mp10,2008-05,,,
La_florida,mp10,2008-06,,,
La_florida,mp10,2008-07,,,
La_florida,mp10,2008-08,,,
La_florida,mp10,2008-09,,,
La_florida,mp10,2008-10,,,
La_florida,mp10,2008-11,,,
La_florida,mp10,2008-12,,,
La_florida,mp10,2009-01,,,
La_florida,mp10,2009-02,,,
La_florida,mp10,2009-03,,,
La_florida,mp10,2009-04,,,
La_florida,mp10,2009-05,,,
La_florida,mp10,2009-06,,,
La_florida,mp10,2009-07,,,
La_florida,mp10,2009-08,,,
La_florida,mp10,2009-09,,,
La_florida,mp10,2009-10,,,
La_florida,mp10,2009-11,,,
La_florida,mp10,2009-12,,,
La_florida,mp10,2010-01,,,
La_florida,mp10,2010-02,,,
La_florida,mp10,2010-03,,,
La_florida,mp10,2010-04,,,
La_florida,mp10,2010-05,,,
La_florida,mp10,2010-06,,,
La_florida,mp10,2010-07,,,
La_florida,mp10,2010-08,,,
La_florida,mp10,2010-09,,,
La_florida,mp10,2010-10,,,
La_florida,mp10,2010-11,,,
La_florida,mp10,2010-12,,,
La_florida,mp10,2011-01,,,
La_florida,mp10,2011-02,,,
La_florida,mp10,2011-03,,,
La_florida,mp10,2011-04,,,
La_florida,mp10,2011-05,,,
La_florida,mp10,2011-06,,,
La_florida,mp10,2011-07,,,
La_florida,mp10,2011-08,,,
La_florida,mp10,2011-09,,,
La_florida,mp10,2011-10,,,
La_florida,mp10,2011-11,,,
La_florida,mp10,2011-12,,,
La_florida,mp10,2012-01,,,
La_florida,mp10,2012-02,,,
La_florida,mp10,2012-03,,,
La_florida,mp10,2012-04,,,
La_florida,mp10,2012-05,,,
La_florida,mp10,2012-06,,,
La_florida,mp10,2012-07,,,
La_florida,mp10,2012-08,,,
La_florida,mp10,2012-09,,,
La_florida,mp10,2012-10,,,
La_florida,mp10,2012-11,,,
La_florida,mp10,2012-12,,,
La_florida,mp10,2013-01,,,
La_florida,mp10,2013-02,,,
La_florida,mp10,2013-03,63.14772727272727,,
La_florida,mp10,2013-04,72.78536451471233,,6.0
La_florida,mp10,2013-05,75.48516950148758,,171.46547619047618
La_florida,mp10,2013-06,133.84048960869552,,301.5343614718614
La_florida,mp10,2013-07,,,188.91666666666666
La_florida,mp10,2013-08,,,
La_florida,mp10,2013-09,33.730000000000004,,4.991666666666667
La_florida,mp10,2013-10,30.243279569892472,,
La_florida,mp10,2013-11,27.516666666666673,,
La_florida,mp10,2013-12,35.715053763440864,,
La_florida,mp10,2014-01,44.25,,
La_florida,mp10,2014-02,32.273809523809526,,
La_florida,mp10,2014-03,46.58736559139784,,
La_florida,mp10,2014-04,61.44027777777777,,
La_florida,mp10,2014-05,90.46131463550613,,196.80952380952382
La_florida,mp10,2014-06,78.04452129995609,,39.5
La_florida,mp10,2014-07,90.52481299672746,,31.0
La_florida,mp10,2014-08,75.08368396446937,,12.53
La_florida,mp10,2014-09,38.88478260869565,,38.47375
La_florida,mp10,2014-10,37.774092609120665,,37.55381
La_florida,mp10,2014-11,33.57634003398112,,160.710359
La_florida,mp10,2014-12,29.507354618821452,,5.00289775
La_florida,mp10,2015-01,41.147356150161194,5.0,9.194938277777778
La_florida,mp10,2015-02,52.12781150009413,10.0,60.7746
La_florida,mp10,2015-03,54.97902132930184,,37.79285
La_florida,mp10,2015-04,82.3957509881423,15.5,279.1647499999999
La_florida,mp10,2015-05,111.25690355812166,42.515914693877555,27.830373333333334
La_florida,mp10,2015-06,101.53296740698916,17.21527777777778,30.5
La_florida,mp10,2015-07,114.43710051117768,,21.5
La_florida,mp10,2015-08,65.33948995399295,28.5,13.75
La_florida,mp10,2015-09,39.26748545402001,88.5,20.46585
La_florida,mp10,2015-10,30.094772841774283,32.934405,29.12605
La_florida,mp10,2015-11,26.212514400966178,1.97267,67.17535
La_florida,mp10,2015-12,31.836972786738343,,276.77389999999997
La_florida,mp10,2016-01,35.27524426721129,15.162490000000004,207.09252722222223
La_florida,mp10,2016-02,39.25229326895043,14.987165999999998,105.329776
La_florida,mp10,2016-03,61.460891271422255,65.35123333333333,61.20203333333334
La_florida,mp10,2016-04,52.51986525596021,3.028585,15.282815000000001
La_florida,mp10,2016-05,83.18725604696787,,18.987885555555557
La_florida,mp10,2016-06,89.66420286533817,,150.99200000000005
La_florida,mp10,2016-07,86.09149060106436,28.37316222222222,57.09433333333333
La_florida,mp10,2016-08,51.24889131167921,35.218424,126.1584
La_florida,mp10,2016-09,47.009438768587586,20.016288091991342,243.82465616071428
La_florida,mp10,2016-10,43.17155167409326,66.380025,102.88378977272725
La_florida,mp10,2016-11,41.8960927340956,13.367666666666665,35.16555555555555
La_florida,mp10,2016-12,42.9415596556708,15.406076298701299,32.025000000000006
La_florida,mp10,2017-01,67.02314612552593,,30.81875
La_florida,mp10,2017-02,41.728223242596776,3.2876666666666665,1.0
La_florida,mp10,2017-03,35.373643643801266,15.6395,66.60000000000001
La_florida,mp10,2017-04,32.342609408157664,,1.0
La_florida,mp10,2017-05,66.20816561916713,,40.375
La_florida,mp10,2017-06,58.46335199824329,,286.5
La_florida,mp10,2017-07,84.97293871392748,19.0,1.0
La_florida,mp10,2017-08,55.58156955246715,,
La_florida,mp10,2017-09,33.6746212121212,,1.0
La_florida,mp10,2017-10,20.59934548854605,,
La_florida,mp10,2017-11,24.239569609134822,,134.0
La_florida,mp10,2017-12,25.465862735931214,,
La_florida,mp10,2018-01,29.53865628913938,,30.129761904761903
La_florida,mp10,2018-02,29.10636645962734,,
La_florida,mp10,2018-03,26.116351098644227,,
La_florida,mp10,2018-04,39.08986056214317,,1.0
La_florida,mp10,2018-05,62.62735826001955,,101.0
La_florida,mp10,2018-06,80.86486017463638,,14.0
La_florida,mp10,2018-07,78.79445484045972,,
La_florida,mp10,2018-08,59.8122873564761,,1.0
La_florida,mp10,2018-09,27.81509661835748,,
La_florida,mp10,2018-10,15.014434315100512,,21.0
La_florida,mp10,2018-11,13.521409749670617,,
La_florida,mp10,2018-12,17.872979696787553,,
La_florida,mp10,2019-01,25.05753373313343,,3.6604166666666664
La_florida,mp10,2019-02,32.09902597402598,,
La_florida,mp10,2019-03,38.95541140719962,,
La_florida,mp10,2019-04,51.28055555555556,,51.0
La_florida,mp10,2019-05,63.910392494368644,,42.0
La_florida,mp10,2019-06,62.20736714975845,,109.875
La_florida,mp10,2019-07,71.40545557761547,,73.33333333333333
La_florida,mp10,2019-08,54.497582770198484,,69.5
La_florida,mp10,2019-09,26.216081871345033,,5.5
La_florida,mp10,2019-10,22.539504441327722,,6.333333333333333
La_florida,mp10,2019-11,21.00227272727273,,17.0
La_florida,mp10,2019-12,22.96195652173913,,25.0
La_florida,mp10,2020-01,,29.774716537834973,11.38452380952381
La_florida,mp10,2020-02,,27.810282358820583,56.0
La_florida,mp10,2020-03,,26.848862042585747,1.0
La_florida,mp10,2020-04,,39.602777777777774,
La_florida,mp10,2020-05,,52.83858445201363,
La_florida,mp10,2020-06,,63.675356829161174,254.0
La_florida,mp10,2020-07,,62.48191745141254,
La_florida,mp10,2020-08,,44.26530190239868,81.97727272727272
La_florida,mp10,2020-09,,29.354946201141857,
La_florida,mp10,2020-10,,20.245208041140717,16.0
La_florida,mp10,2020-11,,23.784337160424112,27.0
La_florida,mp10,2020-12,,23.289621318373072,
La_florida,mp10,2021-01,,22.91502017306365,15.358333333333334
La_florida,mp10,2021-02,,16.032049561638935,7.732142857142857
La_florida,mp10,2021-03,,25.107234689107056,26.333333333333332
La_florida,mp10,2021-04,,37.473949275362315,0.0
La_florida,mp10,2021-05,,57.84725882008492,
La_florida,no,2013-04,20.998099333333332,,
La_florida,no,2013-05,25.458177096774193,,
La_florida,no,2013-06,18.24382933333333,,
La_florida,no,2013-07,24.43615612903226,,
La_florida,no,2013-08,24.43915548387097,,
La_florida,no,2013-09,,,
La_florida,no,2013-10,4.0629116129032266,,
La_florida,no,2013-11,2.3100023333333337,,
La_florida,no,2013-12,1.859247096774194,,
La_florida,no,2014-01,,,
La_florida,no,2014-02,,,
La_florida,no,2014-03,,,
La_florida,no,2014-04,,,
La_florida,no,2014-05,,,
La_florida,no,2014-06,,,
La_florida,no,2014-07,,,
La_florida,no,2014-08,,,
La_florida,no,2014-09,,,
La_florida,no,2014-10,,,
La_florida,no,2014-11,,,
La_florida,no,2014-12,,,
La_florida,no,2015-01,,,
La_florida,no,2015-02,,,
La_florida,no,2015-03,,,
La_florida,no,2015-04,,,
La_florida,no,2015-05,,,
La_florida,no,2015-06,,,10.96456
La_florida,no,2015-07,,,31.418857826086956
La_florida,no,2015-08,,,23.712223793103444
La_florida,no,2015-09,,,14.541876666666663
La_florida,no,2015-10,,,42.65130129032259
La_florida,no,2015-11,,,6.652663214285714
La_florida,no,2015-12,,,7.742825307692306
La_florida,no,2016-01,,,5.213657499999999
La_florida,no,2016-02,,,5.299969999999998
La_florida,no,2016-03,,,14.504805806451612
La_florida,no,2016-04,,,25.123093793103447
La_florida,no,2016-05,,,40.964376451612914
La_florida,no,2016-06,,,31.45458866666667
La_florida,no,2016-07,,,28.53539166666667
La_florida,no,2016-08,,,15.810978354838708
La_florida,no,2016-09,,,14.235665333333333
La_florida,no,2016-10,,,8.154929583333335
La_florida,no,2016-11,,,
La_florida,no,2016-12,,,
La_florida,no,2017-01,,,
La_florida,no,2017-02,,,
La_florida,no,2017-03,,,
La_florida,no,2017-04,,,
La_florida,no,2017-05,,,
La_florida,no,2017-06,,15.470367999999999,
La_florida,no,2017-07,,25.019088,38.947216875
La_florida,no,2017-08,,,21.163467741935488
La_florida,no,2017-09,,12.549551333333334,17.356651333333335
La_florida,no,2017-10,,14.372926666666665,113.58
La_florida,no,2017-11,,8.912703000000002,
La_florida,no,2017-12,,6.458679032258064,
La_florida,no,2018-01,6.045449032258064,,
La_florida,no,2018-02,5.8731921428571425,,
La_florida,no,2018-03,12.087074838709677,,
La_florida,no,2018-04,33.188145000000006,,
La_florida,no,2018-05,38.842176666666674,,
La_florida,no,2018-06,43.87683233333334,,
La_florida,no,2018-07,46.347276774193546,,
La_florida,no,2018-08,37.42222516129032,,
La_florida,no,2018-09,15.944736666666664,,
La_florida,no,2018-10,4.481337096774193,,
La_florida,no,2018-11,4.554645000000002,,
La_florida,no,2018-12,3.5507070000000014,1.81615,
La_florida,no,2019-01,2.1386933333333333,,3.3014036363636365
La_florida,no,2019-02,6.7329255,,6.176545000000001
La_florida,no,2019-03,10.063637096774194,,
La_florida,no,2019-04,26.415443448275866,,
La_florida,no,2019-05,26.63623806451613,,
La_florida,no,2019-06,29.555017666666664,,
La_florida,no,2019-07,37.107400000000005,,
La_florida,no,2019-08,23.395362758620696,,
La_florida,no,2019-09,12.483565384615385,,
La_florida,no,2019-10,8.741993928571429,,
La_florida,no,2019-11,2.6862932,,6.93388
La_florida,no,2019-12,3.4145056666666673,,
La_florida,no,2020-01,2.1756219354838717,,
La_florida,no,2020-02,4.175926551724137,,
La_florida,no,2020-03,6.9633416129032275,,
La_florida,no,2020-04,14.251237499999998,,
La_florida,no,2020-05,23.114037419354837,,
La_florida,no,2020-06,24.29956433333333,,
La_florida,no,2020-07,23.46710129032259,,
La_florida,no,2020-08,14.432465806451612,,
La_florida,no,2020-09,8.81818142857143,,
La_florida,no,2020-10,4.169104516129032,,
La_florida,no,2020-11,3.1486389999999997,,
La_florida,no,2020-12,2.5661138709677425,,
La_florida,no,2021-01,2.8717321428571423,,
La_florida,no,2021-02,3.300994615384615,,
La_florida,no,2021-03,3.25385064516129,,
La_florida,no,2021-04,13.866810357142855,,
La_florida,no,2021-05,24.518532,31.447666666666667,
La_florida,nox,2013-04,32.17515848913043,,
La_florida,nox,2013-05,36.609936102150535,,
La_florida,nox,2013-06,26.265199039897425,,
La_florida,nox,2013-07,37.25595304873772,,
La_florida,nox,2013-08,34.68569116899889,,
La_florida,nox,2013-09,,,
La_florida,nox,2013-10,9.899650949625991,,
La_florida,nox,2013-11,6.936254416666667,,
La_florida,nox,2013-12,5.9147292040673225,,
La_florida,nox,2014-01,,,
La_florida,nox,2014-02,,,
La_florida,nox,2014-03,,,
La_florida,nox,2014-04,,,
La_florida,nox,2014-05,,,
La_florida,nox,2014-06,,,
La_florida,nox,2014-07,,,
La_florida,nox,2014-08,,,
La_florida,nox,2014-09,,,
La_florida,nox,2014-10,,,
La_florida,nox,2014-11,,,
La_florida,nox,2014-12,,,
La_florida,nox,2015-01,,,
La_florida,nox,2015-02,,,
La_florida,nox,2015-03,,,
La_florida,nox,2015-04,,,
La_florida,nox,2015-05,,,
La_florida,nox,2015-06,,,
La_florida,nox,2015-07,,,
La_florida,nox,2015-08,,,
La_florida,nox,2015-09,,,
La_florida,nox,2015-10,,,
La_florida,nox,2015-11,,,
La_florida,nox,2015-12,,,
La_florida,nox,2016-01,,,
La_florida,nox,2016-02,,,
La_florida,nox,2016-03,,,
La_florida,nox,2016-04,,,
La_florida,nox,2016-05,,,
La_florida,nox,2016-06,,,
La_florida,nox,2016-07,,,
La_florida,nox,2016-08,,,
La_florida,nox,2016-09,,,
La_florida,nox,2016-10,,,
La_florida,nox,2016-11,,,
La_florida,nox,2016-12,,,
La_florida,nox,2017-01,,,
La_florida,nox,2017-02,,,
La_florida,nox,2017-03,,,
La_florida,nox,2017-04,,,
La_florida,nox,2017-05,,,
La_florida,nox,2017-06,,24.82913941666666,
La_florida,nox,2017-07,,35.76892097222222,
La_florida,nox,2017-08,,,
La_florida,nox,2017-09,,21.430262707729472,
La_florida,nox,2017-10,,22.082173572346885,
La_florida,nox,2017-11,,16.096181044685988,
La_florida,nox,2017-12,18.7305,10.937980448807853,
La_florida,nox,2018-01,10.872912351831785,,
La_florida,nox,2018-02,11.773683692417185,,
La_florida,nox,2018-03,20.385911108244844,,
La_florida,nox,2018-04,43.178909008530965,,
La_florida,nox,2018-05,56.22562247432792,,
La_florida,nox,2018-06,59.6588263729249,,
La_florida,nox,2018-07,66.16773535645223,,
La_florida,nox,2018-08,52.392993156583366,,
La_florida,nox,2018-09,27.459216111989456,,
La_florida,nox,2018-10,10.158695876739747,,
La_florida,nox,2018-11,10.902841127525251,,
La_florida,nox,2018-12,8.926068321232005,8.203899999999999,
La_florida,nox,2019-01,5.87362838060982,,
La_florida,nox,2019-02,15.245224084086207,,
La_florida,nox,2019-03,22.047006711221616,,
La_florida,nox,2019-04,38.22133533484783,,
La_florida,nox,2019-05,37.9645451383531,,
La_florida,nox,2019-06,40.968971950538,,
La_florida,nox,2019-07,48.9908301783375,,
La_florida,nox,2019-08,33.59784286087306,,
La_florida,nox,2019-09,19.43913991744387,,
La_florida,nox,2019-10,18.239804077903948,,
La_florida,nox,2019-11,6.567670622091185,,
La_florida,nox,2019-12,7.383674089319106,,
La_florida,nox,2020-01,5.773907540125256,,
La_florida,nox,2020-02,8.57264768928036,,
La_florida,nox,2020-03,13.38514440520209,,
La_florida,nox,2020-04,23.99650763741452,,
La_florida,nox,2020-05,33.86033103836148,,
La_florida,nox,2020-06,36.925138151295556,,
La_florida,nox,2020-07,33.676564459841345,,
La_florida,nox,2020-08,21.42135434176973,,
La_florida,nox,2020-09,14.622039916519611,,
La_florida,nox,2020-10,6.922370679404746,,
La_florida,nox,2020-11,4.867488087095208,,
La_florida,nox,2020-12,4.725013091807679,,
La_florida,nox,2021-01,4.693793808572042,,
La_florida,nox,2021-02,7.915162929265482,,
La_florida,nox,2021-03,7.475327984136597,,
La_florida,nox,2021-04,20.087861461211496,,
La_florida,nox,2021-05,32.491452181159424,44.34328555555555,
La_florida,o3,2013-03,,10.862288551712782,
La_florida,o3,2013-04,9.527914962500002,,
La_florida,o3,2013-05,7.570870685483872,,
La_florida,o3,2013-06,5.879552780175983,,
La_florida,o3,2013-07,4.737361805575035,,
La_florida,o3,2013-08,7.515728981474989,,
La_florida,o3,2013-09,7.74293125,,
La_florida,o3,2013-10,10.611099930458158,,
La_florida,o3,2013-11,11.050062990338164,,
La_florida,o3,2013-12,11.320204960846189,,
La_florida,o3,2014-01,11.53800161290322,,
La_florida,o3,2014-02,10.182592797619048,,
La_florida,o3,2014-03,11.099308491117343,,
La_florida,o3,2014-04,6.776808291666668,,
La_florida,o3,2014-05,4.3220988902524535,,
La_florida,o3,2014-06,4.970275522946859,,
La_florida,o3,2014-07,5.076803167952313,,
La_florida,o3,2014-08,6.99897391601853,,
La_florida,o3,2014-09,10.015348041392182,,
La_florida,o3,2014-10,13.985686150070125,,
La_florida,o3,2014-11,14.45126012077295,,
La_florida,o3,2014-12,12.70883551811594,,
La_florida,o3,2015-01,18.837981348761105,,
La_florida,o3,2015-02,20.30040873029597,51.4,
La_florida,o3,2015-03,16.486714135322366,37.3,
La_florida,o3,2015-04,11.642836165568731,24.63333333333333,
La_florida,o3,2015-05,7.177801351683033,12.25,
La_florida,o3,2015-06,6.672263170321224,19.1,33.306332
La_florida,o3,2015-07,6.390717504522095,,24.340606333333334
La_florida,o3,2015-08,10.203419804390325,17.24855,62.43404999999999
La_florida,o3,2015-09,11.076374619235834,24.1028,86.025475
La_florida,o3,2015-10,12.256474309416042,24.16335,35.301566666666666
La_florida,o3,2015-11,12.241254912439613,13.716249999999999,26.71565
La_florida,o3,2015-12,14.263204154447706,18.585839999999997,
La_florida,o3,2016-01,12.438169748831228,15.806846296296294,54.4365
La_florida,o3,2016-02,13.263501977577388,,109.1363
La_florida,o3,2016-03,13.24163563055166,,120.576775
La_florida,o3,2016-04,6.667003439339041,,87.08655
La_florida,o3,2016-05,3.6438816736792887,,80.059225
La_florida,o3,2016-06,3.281719784365393,,41.836924999999994
La_florida,o3,2016-07,5.435197878896926,,74.85865000000001
La_florida,o3,2016-08,9.638363695249597,6.527163556935818,82.60491999999999
La_florida,o3,2016-09,11.32441037587835,,55.8144375
La_florida,o3,2016-10,9.826406682445068,,69.64806666666667
La_florida,o3,2016-11,12.232774626207732,,
La_florida,o3,2016-12,12.601705248948107,,
La_florida,o3,2017-01,14.656145063060476,,
La_florida,o3,2017-02,12.754944679736024,,
La_florida,o3,2017-03,15.125080211441196,,
La_florida,o3,2017-04,10.125630190985948,,
La_florida,o3,2017-05,8.098158514492756,,
La_florida,o3,2017-06,7.155555555555556,,
La_florida,o3,2017-07,8.008064516129032,,
La_florida,o3,2017-08,11.218501636278633,,31.333333333333332
La_florida,o3,2017-09,16.24806763285024,14.983212560386477,72.33333333333333
La_florida,o3,2017-10,,14.981199492419686,55.77777777777778
La_florida,o3,2017-11,,15.999928634167762,66.75
La_florida,o3,2017-12,10.0,16.393992519869098,80.2
La_florida,o3,2018-01,15.636544264524629,,82.125
La_florida,o3,2018-02,14.554930124223603,,67.0
La_florida,o3,2018-03,10.352405542096985,,65.125
La_florida,o3,2018-04,7.0318662972435355,,6.0
La_florida,o3,2018-05,6.749817174902063,,
La_florida,o3,2018-06,6.7360068072024575,,
La_florida,o3,2018-07,8.469096646691314,,
La_florida,o3,2018-08,11.527391729355264,,
La_florida,o3,2018-09,14.599225955204215,,
La_florida,o3,2018-10,15.459118838151097,,
La_florida,o3,2018-11,13.588614404918754,,
La_florida,o3,2018-12,14.186394601191235,17.25,
La_florida,o3,2019-01,14.230999890712376,,
La_florida,o3,2019-02,14.627429183135705,,
La_florida,o3,2019-03,12.154166135407369,,
La_florida,o3,2019-04,8.56809947299078,,
La_florida,o3,2019-05,3.791428159203312,,
La_florida,o3,2019-06,5.253547901373988,,
La_florida,o3,2019-07,3.714232811574203,,
La_florida,o3,2019-08,2.722058037801376,,
La_florida,o3,2019-09,4.287862318840579,,
La_florida,o3,2019-10,3.5378897672375933,,
La_florida,o3,2019-11,8.01237922705314,,
La_florida,o3,2019-12,14.336728839183259,,
La_florida,o3,2020-01,15.419634230503794,,
La_florida,o3,2020-02,12.993878060969513,,
La_florida,o3,2020-03,12.634233286582514,,
La_florida,o3,2020-04,10.338937198067637,,
La_florida,o3,2020-05,6.495082815734991,,
La_florida,o3,2020-06,7.865494227994228,,
La_florida,o3,2020-07,8.648951294147647,,1.0
La_florida,o3,2020-08,11.064112371966509,,5.75
La_florida,o3,2020-09,9.942512077294685,,
La_florida,o3,2020-10,15.14201623528412,,
La_florida,o3,2020-11,8.33983860342556,,
La_florida,o3,2020-12,6.768101066768669,,
La_florida,o3,2021-01,6.520140039950698,,
La_florida,o3,2021-02,6.24451060068296,,
La_florida,o3,2021-03,11.846466822097959,,
La_florida,o3,2021-04,9.120615053223752,,
La_florida,o3,2021-05,2.3894927536231885,3.4375,
La_florida,so2,2013-03,,2.4473189393939396,
La_florida,so2,2013-04,3.824842347222223,,
La_florida,so2,2013-05,3.944851814516128,,
La_florida,so2,2013-06,3.105982672463769,,
La_florida,so2,2013-07,3.2041223124123412,,
La_florida,so2,2013-08,3.6667033055484732,,
La_florida,so2,2013-09,3.1953096111111106,,
La_florida,so2,2013-10,2.7622690994623658,,
La_florida,so2,2013-11,2.8797181931818177,,
La_florida,so2,2013-12,3.657537961802457,,
La_florida,so2,2014-01,3.7450540743338014,,
La_florida,so2,2014-02,3.7276540625,,
La_florida,so2,2014-03,3.892679533501211,,
La_florida,so2,2014-04,4.54679490942029,,
La_florida,so2,2014-05,4.061645816386163,,
La_florida,so2,2014-06,3.481658159804567,,
La_florida,so2,2014-07,3.384582327606357,,
La_florida,so2,2014-08,3.658433048737728,,
La_florida,so2,2014-09,2.825170757246376,,
La_florida,so2,2014-10,2.825870819308088,,
La_florida,so2,2014-11,2.7830859800724634,,
La_florida,so2,2014-12,3.1332084077627607,,
La_florida,so2,2015-01,3.293282585320244,2.62,
La_florida,so2,2015-02,3.5398833896221533,,
La_florida,so2,2015-03,3.8874222031323056,2.62,
La_florida,so2,2015-04,3.626930348429952,2.62,
La_florida,so2,2015-05,3.4783003079710144,2.62,
La_florida,so2,2015-06,3.175458583937197,2.882,
La_florida,so2,2015-07,3.3754137176675583,,238.836081875
La_florida,so2,2015-08,3.300570838061541,2.81501,242.29423333333338
La_florida,so2,2015-09,3.022138197463768,2.62,97.98581
La_florida,so2,2015-10,2.7525441596540445,2.62,208.76143333333334
La_florida,so2,2015-11,2.775698828502415,2.62,109.26415
La_florida,so2,2015-12,3.05782885338306,3.6457575,
La_florida,so2,2016-01,2.9708324697288457,2.6971666666666665,208.42274500000002
La_florida,so2,2016-02,3.262377820464767,,221.49690666666666
La_florida,so2,2016-03,3.6150058082047676,,109.592905
La_florida,so2,2016-04,3.393858299736495,,264.105
La_florida,so2,2016-05,3.177607498246844,,185.25900000000001
La_florida,so2,2016-06,2.94185360649978,,257.09446999999994
La_florida,so2,2016-07,3.3973709748719947,,144.31137999999999
La_florida,so2,2016-08,4.197164506038647,4.93958929634858,120.04897625000001
La_florida,so2,2016-09,3.227574650307422,,134.98551
La_florida,so2,2016-10,2.8064874347158217,,120.838315
La_florida,so2,2016-11,2.62702211111111,3.0311044347826077,
La_florida,so2,2016-12,2.62,2.7577034992987373,
La_florida,so2,2017-01,3.079405554634706,,
La_florida,so2,2017-02,3.305180413431677,,
La_florida,so2,2017-03,4.35346431334736,,
La_florida,so2,2017-04,6.386209676932367,,
La_florida,so2,2017-05,4.578273857526881,,
La_florida,so2,2017-06,3.66927777777778,,
La_florida,so2,2017-07,2.687311827956989,,
La_florida,so2,2017-08,2.6442128330995787,,97.92166666666668
La_florida,so2,2017-09,2.6229166666666646,2.639583333333332,111.12625
La_florida,so2,2017-10,,2.632733382209188,220.1275
La_florida,so2,2017-11,,2.6335555555555548,100.15125
La_florida,so2,2017-12,2.62,2.6288756428237483,128.272
La_florida,so2,2018-01,2.726793584512729,,105.12875000000001
La_florida,so2,2018-02,2.9130777103331447,,80.67750000000001
La_florida,so2,2018-03,2.8181083450210367,,114.11999999999999
La_florida,so2,2018-04,4.569524868247695,,163.95
La_florida,so2,2018-05,8.926799289420257,,
La_florida,so2,2018-06,11.539905412823893,,
La_florida,so2,2018-07,7.73609595959596,,19.796666666666667
La_florida,so2,2018-08,4.724306389986825,,18.47874149659864
La_florida,so2,2018-09,4.224617424242425,,
La_florida,so2,2018-10,3.164547723781595,,
La_florida,so2,2018-11,2.986949604743083,,
La_florida,so2,2018-12,3.041870541216615,3.00375,
La_florida,so2,2019-01,3.3529299481490926,,
La_florida,so2,2019-02,3.318996447393186,,
La_florida,so2,2019-03,3.187673137404904,,
La_florida,so2,2019-04,2.9695802591128677,,
La_florida,so2,2019-05,2.6874971630753537,,
La_florida,so2,2019-06,2.8228359683794464,,
La_florida,so2,2019-07,3.187613901993285,,
La_florida,so2,2019-08,2.8451808406647126,,
La_florida,so2,2019-09,2.6412644927536224,,
La_florida,so2,2019-10,2.6390410628019314,,
La_florida,so2,2019-11,2.6627542270531404,,
La_florida,so2,2019-12,3.0513302694850735,,
La_florida,so2,2020-01,3.1481954563669152,,
La_florida,so2,2020-02,2.951782664152618,,
La_florida,so2,2020-03,4.630948032215564,,
La_florida,so2,2020-04,2.7358763498152876,,
La_florida,so2,2020-05,2.7665483020952855,,
La_florida,so2,2020-06,2.9972351370851364,2.62,
La_florida,so2,2020-07,2.908886308739569,2.6199999999999997,6.263333333333333
La_florida,so2,2020-08,2.7587641846232307,,2.763333333333333
La_florida,so2,2020-09,2.634807540187021,2.619999999999999,2.62
La_florida,so2,2020-10,2.647604662698411,2.619999999999999,
La_florida,so2,2020-11,2.6946502104614747,2.6199999999999997,2.62
La_florida,so2,2020-12,2.688269104084321,2.6200000000000006,
La_florida,so2,2021-01,2.7634028432997586,2.6199999999999997,
La_florida,so2,2021-02,2.628674673202613,2.6199999999999988,
La_florida,so2,2021-03,2.678714555372163,2.62,
La_florida,so2,2021-04,2.674056545850663,2.62,
La_florida,so2,2021-05,3.044166666666667,2.860416666666666,
La_florida ,co,2013-03,,1.6860342555994732,
La_florida ,co,2013-04,0.6636153929166667,,
La_florida ,co,2013-05,2.1502562110215058,,
La_florida ,co,2013-06,1.2603256459611643,,
La_florida ,co,2013-07,1.6384709268349693,,
La_florida ,co,2013-08,1.2483396593092568,,
La_florida ,co,2013-09,0.5788892930555556,,
La_florida ,co,2013-10,0.22764167736091634,,
La_florida ,co,2013-11,0.1284964268719807,,
La_florida ,co,2013-12,0.11761924550023381,,
La_florida ,co,2014-01,0.2247218629032259,,
La_florida ,co,2014-02,0.13988103422619053,,
La_florida ,co,2014-03,0.21486110583216458,,
La_florida ,co,2014-04,0.6936118027777777,,
La_florida ,co,2014-05,1.355377684139785,,
La_florida ,co,2014-06,1.1666134780193238,,
La_florida ,co,2014-07,1.161010857702197,,
La_florida ,co,2014-08,0.9593336560308559,,
La_florida ,co,2014-09,0.4514799099033817,,
La_florida ,co,2014-10,0.23650677986208513,,
La_florida ,co,2014-11,0.13446262427536232,,
La_florida ,co,2014-12,0.12172664766579849,,
La_florida ,co,2015-01,0.16117404283012457,0.1,
La_florida ,co,2015-02,0.19080631036490683,,
La_florida ,co,2015-03,0.22910259484572232,0.15000000000000002,
La_florida ,co,2015-04,0.4836763105566535,0.1,
La_florida ,co,2015-05,1.224241049614306,0.4,
La_florida ,co,2015-06,1.2957540597575132,,11.1781
La_florida ,co,2015-07,1.4975429701295668,,7.809609583333333
La_florida ,co,2015-08,0.965804703780441,0.1510625,4.332579333333334
La_florida ,co,2015-09,0.5407252296058409,0.195736,6.277552249999999
La_florida ,co,2015-10,0.26207155896446943,0.1,5.062080000000001
La_florida ,co,2015-11,0.13651902288647344,0.126889,6.720739999999998
La_florida ,co,2015-12,0.13212377083067703,0.12237619999999998,
La_florida ,co,2016-01,0.12247563289754895,0.11641974074074075,3.765162833333334
La_florida ,co,2016-02,0.14726920658883522,,4.279369981684982
La_florida ,co,2016-03,0.2529585085212024,,2.7103411502533574
La_florida ,co,2016-04,0.5054605435825648,,8.1702725
La_florida ,co,2016-05,1.0298890137914911,,10.19339
La_florida ,co,2016-06,1.069064155736715,,2.7614202
La_florida ,co,2016-07,1.0553828774390392,,8.189156666666667
La_florida ,co,2016-08,10.519607578925122,0.7156310063492063,5.702615000000001
La_florida ,co,2016-09,,,
La_florida ,co,2016-10,0.6011647627656435,,8.279760000000001
La_florida ,co,2016-11,0.18067419542572466,,
La_florida ,co,2016-12,0.14421380434782607,,
La_florida ,co,2017-01,0.21090072783401898,1.765361291666667,
La_florida ,co,2017-02,0.1833716273495828,1.1303995978640924,
La_florida ,co,2017-03,,1.3269737065429892,
La_florida ,co,2017-04,0.7061900425027872,1.5010015166666668,
La_florida ,co,2017-05,1.422964892473118,,
La_florida ,co,2017-06,1.2165277777777777,,
La_florida ,co,2017-07,1.55622311827957,,
La_florida ,co,2017-08,1.3877179756895748,,3.545
La_florida ,co,2017-09,0.9680277777777777,0.7766944444444445,
La_florida ,co,2017-10,,0.5782304815334268,13.013333333333335
La_florida ,co,2017-11,,0.24462499999999998,
La_florida ,co,2017-12,0.57,0.32995850864890136,2.9499999999999997
La_florida ,co,2018-01,0.42376928471248243,,8.44
La_florida ,co,2018-02,0.5226216356107659,,0.65
La_florida ,co,2018-03,0.5910191678354372,,5.92
La_florida ,co,2018-04,0.8125066425120773,,1.8014627039627042
La_florida ,co,2018-05,1.3856426807180666,,
La_florida ,co,2018-06,1.758647507685551,,
La_florida ,co,2018-07,1.7004715457520505,,
La_florida ,co,2018-08,1.4532246376811597,,
La_florida ,co,2018-09,0.7509754062362758,,
La_florida ,co,2018-10,0.49160493433635083,,
La_florida ,co,2018-11,0.2569802371541502,,
La_florida ,co,2018-12,0.307755748225594,0.39625,
La_florida ,co,2019-01,0.4332086771339927,,
La_florida ,co,2019-02,0.4748016069075852,,
La_florida ,co,2019-03,0.6061210633686089,,
La_florida ,co,2019-04,0.7899120772946857,,1.4424242424242424
La_florida ,co,2019-05,1.2193443838339024,,
La_florida ,co,2019-06,1.0923549548277809,,
La_florida ,co,2019-07,1.2590366581415178,,
La_florida ,co,2019-08,1.016135407369629,,
La_florida ,co,2019-09,0.420237922705314,,
La_florida ,co,2019-10,0.24058031400966182,,
La_florida ,co,2019-11,0.33401866490996934,,
La_florida ,co,2019-12,0.35278113600512667,,
La_florida ,co,2020-01,0.26924769433465084,,
La_florida ,co,2020-02,0.4475333923947118,,
La_florida ,co,2020-03,0.5112518262987014,0.9945691287878788,0.9424166666666667
La_florida ,co,2020-04,0.4305312911725955,,
La_florida ,co,2020-05,1.0331909786099829,,
La_florida ,co,2020-06,1.5030044466403167,,
La_florida ,co,2020-07,1.6052980744127305,,0.855
La_florida ,co,2020-08,1.149824790683837,,0.6133333333333334
La_florida ,co,2020-09,,,1.1970605424958976
La_florida ,co,2020-10,0.3921666472913276,,0.733695707070707
La_florida ,co,2020-11,0.6007732056590752,,0.51
La_florida ,co,2020-12,0.7471840924775707,,1.4473333333333334
La_florida ,co,2021-01,0.31902057035998144,,
La_florida ,co,2021-02,0.2896928720434156,,
La_florida ,co,2021-03,0.497724783397995,,
La_florida ,co,2021-04,0.7245336391869,,
La_florida ,co,2021-05,1.1007536231884059,1.045,
La_florida ,mp2.5,2004-01,,,
La_florida ,mp2.5,2004-02,,,
La_florida ,mp2.5,2004-03,,,
La_florida ,mp2.5,2004-04,,,
La_florida ,mp2.5,2004-05,,,
La_florida ,mp2.5,2004-06,,,
La_florida ,mp2.5,2004-07,,,
La_florida ,mp2.5,2004-08,,,
La_florida ,mp2.5,2004-09,,,
La_florida ,mp2.5,2004-10,,,
La_florida ,mp2.5,2004-11,,,
La_florida ,mp2.5,2004-12,,,
La_florida ,mp2.5,2005-01,,,
La_florida ,mp2.5,2005-02,,,
La_florida ,mp2.5,2005-03,,,
La_florida ,mp2.5,2005-04,,,
La_florida ,mp2.5,2005-05,,,
La_florida ,mp2.5,2005-06,,,
La_florida ,mp2.5,2005-07,,,
La_florida ,mp2.5,2005-08,,,
La_florida ,mp2.5,2005-09,,,
La_florida ,mp2.5,2005-10,,,
La_florida ,mp2.5,2005-11,,,
La_florida ,mp2.5,2005-12,,,
La_florida ,mp2.5,2006-01,,,
La_florida ,mp2.5,2006-02,,,
La_florida ,mp2.5,2006-03,,,
La_florida ,mp2.5,2006-04,,,
La_florida ,mp2.5,2006-05,,,
La_florida ,mp2.5,2006-06,,,
La_florida ,mp2.5,2006-07,,,
La_florida ,mp2.5,2006-08,,,
La_florida ,mp2.5,2006-09,,,
La_florida ,mp2.5,2006-10,,,
La_florida ,mp2.5,2006-11,,,
La_florida ,mp2.5,2006-12,,,
La_florida ,mp2.5,2007-01,,,
La_florida ,mp2.5,2007-02,,,
La_florida ,mp2.5,2007-03,,,
La_florida ,mp2.5,2007-04,,,
La_florida ,mp2.5,2007-05,,,
La_florida ,mp2.5,2007-06,,,
La_florida ,mp2.5,2007-07,,,
La_florida ,mp2.5,2007-08,,,
La_florida ,mp2.5,2007-09,,,
La_florida ,mp2.5,2007-10,,,
La_florida ,mp2.5,2007-11,,,
La_florida ,mp2.5,2007-12,,,
La_florida ,mp2.5,2008-01,,,
La_florida ,mp2.5,2008-02,,,
La_florida ,mp2.5,2008-03,,,
La_florida ,mp2.5,2008-04,,,
La_florida ,mp2.5,2008-05,,,
La_florida ,mp2.5,2008-06,,,
La_florida ,mp2.5,2008-07,,,
La_florida ,mp2.5,2008-08,,,
La_florida ,mp2.5,2008-09,,,
La_florida ,mp2.5,2008-10,,,
La_florida ,mp2.5,2008-11,,,
La_florida ,mp2.5,2008-12,,,
La_florida ,mp2.5,2009-01,,,
La_florida ,mp2.5,2009-02,,,
La_florida ,mp2.5,2009-03,,,
La_florida ,mp2.5,2009-04,,,
La_florida ,mp2.5,2009-05,,,
La_florida ,mp2.5,2009-06,,,
La_florida ,mp2.5,2009-07,,,
La_florida ,mp2.5,2009-08,,,
La_florida ,mp2.5,2009-09,,,
La_florida ,mp2.5,2009-10,,,
La_florida ,mp2.5,2009-11,,,
La_florida ,mp2.5,2009-12,,,
La_florida ,mp2.5,2010-01,,,
La_florida ,mp2.5,2010-02,,,
La_florida ,mp2.5,2010-03,,,
La_florida ,mp2.5,2010-04,,,
La_florida ,mp2.5,2010-05,,,
La_florida ,mp2.5,2010-06,,,
La_florida ,mp2.5,2010-07,,,
La_florida ,mp2.5,2010-08,,,
La_florida ,mp2.5,2010-09,,,
La_florida ,mp2.5,2010-10,,,
La_florida ,mp2.5,2010-11,,,
La_florida ,mp2.5,2010-12,,,
La_florida ,mp2.5,2011-01,,,
La_florida ,mp2.5,2011-02,,,
La_florida ,mp2.5,2011-03,,,
La_florida ,mp2.5,2011-04,,,
La_florida ,mp2.5,2011-05,,,
La_florida ,mp2.5,2011-06,,,
La_florida ,mp2.5,2011-07,,,
La_florida ,mp2.5,2011-08,,,
La_florida ,mp2.5,2011-09,,,
La_florida ,mp2.5,2011-10,,,
La_florida ,mp2.5,2011-11,,,
La_florida ,mp2.5,2011-12,,,
La_florida ,mp2.5,2012-01,,,
La_florida ,mp2.5,2012-02,,,
La_florida ,mp2.5,2012-03,,,
La_florida ,mp2.5,2012-04,,,
La_florida ,mp2.5,2012-05,,,
La_florida ,mp2.5,2012-06,,,
La_florida ,mp2.5,2012-07,,,
La_florida ,mp2.5,2012-08,,,
La_florida ,mp2.5,2012-09,,,
La_florida ,mp2.5,2012-10,,,
La_florida ,mp2.5,2012-11,,,
La_florida ,mp2.5,2012-12,,,
La_florida ,mp2.5,2013-01,,,
La_florida ,mp2.5,2013-02,,,
La_florida ,mp2.5,2013-03,23.140151515151516,,
La_florida ,mp2.5,2013-04,25.55976202239789,,28.984375
La_florida ,mp2.5,2013-05,66.95398059886759,,245.18039215686275
La_florida ,mp2.5,2013-06,53.95734012909188,,204.45370370370372
La_florida ,mp2.5,2013-07,92.68852267414678,,
La_florida ,mp2.5,2013-08,85.6345657031141,,881.0
La_florida ,mp2.5,2013-09,33.72206302151954,,122.375
La_florida ,mp2.5,2013-10,13.334677419354838,,
La_florida ,mp2.5,2013-11,10.823611111111111,,
La_florida ,mp2.5,2013-12,11.919018374488221,,51.333333333333336
La_florida ,mp2.5,2014-01,25.071614340108717,,
La_florida ,mp2.5,2014-02,10.3,,16.6614142792845
La_florida ,mp2.5,2014-03,16.775385340076788,,235.25
La_florida ,mp2.5,2014-04,40.69592116820378,,485.5
La_florida ,mp2.5,2014-05,66.94385120489608,,326.05333333333334
La_florida ,mp2.5,2014-06,64.10406785243742,,307.3333333333333
La_florida ,mp2.5,2014-07,65.16877045348294,,15.0
La_florida ,mp2.5,2014-08,49.14061371073993,,604.0066666666667
La_florida ,mp2.5,2014-09,16.85935990338164,,451.7265
La_florida ,mp2.5,2014-10,8.26887564282375,,
La_florida ,mp2.5,2014-11,5.43895375120773,,3.901
La_florida ,mp2.5,2014-12,5.737293250935016,,1.137
La_florida ,mp2.5,2015-01,10.585144927536232,,
La_florida ,mp2.5,2015-02,15.81509387351779,64.0,14.17
La_florida ,mp2.5,2015-03,12.463125292192613,,
La_florida ,mp2.5,2015-04,28.42262296881862,,
La_florida ,mp2.5,2015-05,70.45033721407626,,
La_florida ,mp2.5,2015-06,70.5263455806826,,8.535666666666666
La_florida ,mp2.5,2015-07,81.35340502778486,,
La_florida ,mp2.5,2015-08,48.243209828190736,,9.23999
La_florida ,mp2.5,2015-09,22.740840958937202,,15.94
La_florida ,mp2.5,2015-10,9.092482803796834,2.98,
La_florida ,mp2.5,2015-11,4.718612370772946,,1.0
La_florida ,mp2.5,2015-12,7.563458243755427,,176.9
La_florida ,mp2.5,2016-01,8.559615124396133,,3.0303164937839937
La_florida ,mp2.5,2016-02,8.235141809726727,1.9159999999999997,1.0
La_florida ,mp2.5,2016-03,19.5047866670006,,270.79333333333335
La_florida ,mp2.5,2016-04,27.841138132960037,,16.46
La_florida ,mp2.5,2016-05,60.56973595978316,,23.1
La_florida ,mp2.5,2016-06,71.47899892934781,,
La_florida ,mp2.5,2016-07,68.84296207306485,45.675,
La_florida ,mp2.5,2016-08,36.13675146722434,,36.71
La_florida ,mp2.5,2016-09,23.070742852876595,,
La_florida ,mp2.5,2016-10,9.803383603266182,,
La_florida ,mp2.5,2016-11,7.563487680563399,16.029996666666666,
La_florida ,mp2.5,2016-12,10.800184592311615,4.157,14.339500000000001
La_florida ,mp2.5,2017-01,32.15556128070123,4.247,2.1101062500000003
La_florida ,mp2.5,2017-02,7.617653516156463,,
La_florida ,mp2.5,2017-03,10.39597239613881,16.228166666666663,6.87
La_florida ,mp2.5,2017-04,14.969883499789564,11.5945,1.6741541666666666
La_florida ,mp2.5,2017-05,48.64550968417794,20.944444444444443,53.24391534391535
La_florida ,mp2.5,2017-06,37.771458432871476,44.0,15.006493506493507
La_florida ,mp2.5,2017-07,62.372635896128195,,32.666666666666664
La_florida ,mp2.5,2017-08,40.90547303327808,,52.0
La_florida ,mp2.5,2017-09,17.493253968253967,,1.0
La_florida ,mp2.5,2017-10,8.147344840596114,,8.626984126984127
La_florida ,mp2.5,2017-11,6.7464975845410615,,1.0
La_florida ,mp2.5,2017-12,5.511863020102852,,1.0
La_florida ,mp2.5,2018-01,8.321014492753623,,1.0
La_florida ,mp2.5,2018-02,10.874288302277433,,1.0
La_florida ,mp2.5,2018-03,10.302302477793363,,6.0
La_florida ,mp2.5,2018-04,24.274799680522182,,15.916666666666666
La_florida ,mp2.5,2018-05,54.903961600578,,109.83333333333333
La_florida ,mp2.5,2018-06,76.1431469979296,,23.76388888888889
La_florida ,mp2.5,2018-07,72.03077812790295,,209.51851851851853
La_florida ,mp2.5,2018-08,50.832026435462616,,113.66666666666667
La_florida ,mp2.5,2018-09,18.8137077294686,,4.0
La_florida ,mp2.5,2018-10,7.701379149135109,,2.0
La_florida ,mp2.5,2018-11,6.116035353535353,,1.0
La_florida ,mp2.5,2018-12,7.422489268562199,,1.0
La_florida ,mp2.5,2019-01,7.114247311827957,,2.3333333333333335
La_florida ,mp2.5,2019-02,12.31450569358178,,38.0
La_florida ,mp2.5,2019-03,17.074647243826767,,20.0
La_florida ,mp2.5,2019-04,32.23628678085199,1.0,22.192307692307693
La_florida ,mp2.5,2019-05,54.78856942496493,,109.6875
La_florida ,mp2.5,2019-06,44.13556763285024,,1.0
La_florida ,mp2.5,2019-07,49.99994156147732,,37.0
La_florida ,mp2.5,2019-08,37.06352267414679,,10.5
La_florida ,mp2.5,2019-09,14.035161396574443,,14.75
La_florida ,mp2.5,2019-10,8.722480768413448,,7.125
La_florida ,mp2.5,2019-11,5.673502342361991,4.75,12.141666666666666
La_florida ,mp2.5,2019-12,6.784718554003265,,9.0
La_florida ,mp2.5,2020-01,,9.483371950388442,2.7583333333333333
La_florida ,mp2.5,2020-02,,9.649300349825088,37.0
La_florida ,mp2.5,2020-03,,9.758664839134683,12.0
La_florida ,mp2.5,2020-04,,20.825543478260865,
La_florida ,mp2.5,2020-05,,47.666512601470515,
La_florida ,mp2.5,2020-06,,65.44301085388041,
La_florida ,mp2.5,2020-07,,64.74719495091165,
La_florida ,mp2.5,2020-08,,39.86548800661704,129.2979797979798
La_florida ,mp2.5,2020-09,,21.83644598155468,
La_florida ,mp2.5,2020-10,,10.473702664796631,25.0
La_florida ,mp2.5,2020-11,,9.157657318526883,20.0
La_florida ,mp2.5,2020-12,,8.69366526414212,
La_florida ,mp2.5,2021-01,,8.95824587706147,4.297619047619048
La_florida ,mp2.5,2021-02,,7.645380434782608,
La_florida ,mp2.5,2021-03,,10.58823154405202,6.0
La_florida ,mp2.5,2021-04,,22.49667874396135,20.0
La_florida ,mp2.5,2021-05,,42.14271336553945,12.0
Linares,mp2.5,2015-05,82.65666794130435,,
Linares,mp2.5,2015-06,71.19202925845411,,12.44
Linares,mp2.5,2015-07,81.25623387176466,,53.77
Linares,mp2.5,2015-08,56.85453847698586,,116.3
Linares,mp2.5,2015-09,35.91692423023715,,
Linares,mp2.5,2015-10,16.437763075634624,,1.0
Linares,mp2.5,2015-11,9.385809629513092,,1.0
Linares,mp2.5,2015-12,8.052280627411536,,1.4859392486651413
Linares,mp2.5,2016-01,8.558308351449277,,
Linares,mp2.5,2016-02,9.991948236677114,,556.1990000000002
Linares,mp2.5,2016-03,20.730830053019677,52.15,
Linares,mp2.5,2016-04,32.47534149280852,,1.0
Linares,mp2.5,2016-05,60.84908030074589,,198.7
Linares,mp2.5,2016-06,81.48903320229468,,
Linares,mp2.5,2016-07,69.07500218728308,1.0,311.8
Linares,mp2.5,2016-08,39.63774842111694,152.57195,103.1175
Linares,mp2.5,2016-09,28.484968897013612,,45.3
Linares,mp2.5,2016-10,10.555425388795985,,3.397977777777778
Linares,mp2.5,2016-11,6.903011519927537,,
Linares,mp2.5,2016-12,9.724275850439883,,590.0
Linares,mp2.5,2017-01,21.501189860423008,,
Linares,mp2.5,2017-02,8.937928637128271,,94.90549999999999
Linares,mp2.5,2017-03,11.682321452197288,,1.807
Linares,mp2.5,2017-04,24.72522780961008,,380.7
Linares,mp2.5,2017-05,54.96514375876578,,
Linares,mp2.5,2017-06,49.82109762218456,,1.0
Linares,mp2.5,2017-07,72.69733626588466,,882.0
Linares,mp2.5,2017-08,44.34677419354839,,
Linares,mp2.5,2017-09,24.483695652173914,,1.0
Linares,mp2.5,2017-10,7.713696842373314,,5.244565217391305
Linares,mp2.5,2017-11,5.2643664909969266,7.0,
Linares,mp2.5,2017-12,4.9376039080683904,5.0,67.0
Linares,mp2.5,2018-01,6.4522557269752205,,
Linares,mp2.5,2018-02,8.02646221532091,,
Linares,mp2.5,2018-03,9.33809872922776,,
Linares,mp2.5,2018-04,33.71571402430097,,1.75
Linares,mp2.5,2018-05,57.144305962854354,,1.0
Linares,mp2.5,2018-06,81.05178963548532,,1.0
Linares,mp2.5,2018-07,65.89574567554934,,
Linares,mp2.5,2018-08,58.525227378979125,,1.0
Linares,mp2.5,2018-09,21.09323671497585,,
Linares,mp2.5,2018-10,9.007289336615115,,1.0
Linares,mp2.5,2018-11,4.4061813790074655,,
Linares,mp2.5,2018-12,5.294121084618981,,
Linares,mp2.5,2019-01,5.359295975179565,,
Linares,mp2.5,2019-02,9.561282467532465,,
Linares,mp2.5,2019-03,14.698515661524075,,
Linares,mp2.5,2019-04,37.060353535353535,,
Linares,mp2.5,2019-05,58.63616813294232,,
Linares,mp2.5,2019-06,45.97467061923585,,
Linares,mp2.5,2019-07,59.14504441327724,,45.0
Linares,mp2.5,2019-08,48.822963151855156,,
Linares,mp2.5,2019-09,24.757954545454538,,
Linares,mp2.5,2019-10,10.568945422393696,,3.6354166666666665
Linares,mp2.5,2019-11,8.804666227492314,,
Linares,mp2.5,2019-12,8.620356793743891,,
Linares,mp2.5,2020-01,,11.025635448620351,
Linares,mp2.5,2020-02,,11.075714036920932,6.0
Linares,mp2.5,2020-03,,12.964282374941561,
Linares,mp2.5,2020-04,,27.152181590339485,113.625
Linares,mp2.5,2020-05,,59.2872837774661,21.0
Linares,mp2.5,2020-06,,52.450366941728504,36.0
Linares,mp2.5,2020-07,,55.52964426877472,
Linares,mp2.5,2020-08,,42.43016596540439,1.0
Linares,mp2.5,2020-09,,21.868961352657,
Linares,mp2.5,2020-10,,11.886161464722182,21.97435897435897
Linares,mp2.5,2020-11,,7.827475845410628,3.0
Linares,mp2.5,2020-12,,4.043935143865018,34.666666666666664
Linares,mp2.5,2021-01,,5.793419822346889,21.0
Linares,mp2.5,2021-02,,9.389312770562771,36.0
Linares,mp2.5,2021-03,,13.959077096349187,
Linares,mp2.5,2021-04,,28.661868686868683,
Linares,mp2.5,2021-05,,38.71678743961352,
Teno_CEMENTOS_BIO_BIO,co,2009-02,,0.06596361071428572,
Teno_CEMENTOS_BIO_BIO,co,2009-03,,0.11527545806451611,
Teno_CEMENTOS_BIO_BIO,co,2009-04,,,
Teno_CEMENTOS_BIO_BIO,co,2009-05,,0.42407318999999993,
Teno_CEMENTOS_BIO_BIO,mp,2009-02,,35.31565,
Teno_CEMENTOS_BIO_BIO,mp,2009-03,,41.30052580645161,
Teno_CEMENTOS_BIO_BIO,mp,2009-04,,,
Teno_CEMENTOS_BIO_BIO,mp,2009-05,,70.42634666666666,
Teno_CEMENTOS_BIO_BIO,no2,2009-02,,3.3907651071428577,
Teno_CEMENTOS_BIO_BIO,no2,2009-03,,6.570832774193548,
Teno_CEMENTOS_BIO_BIO,no2,2009-04,,,
Teno_CEMENTOS_BIO_BIO,no2,2009-05,,6.730186000000001,
Teno_CEMENTOS_BIO_BIO,so,2009-02,,0.7232204642857143,
Teno_CEMENTOS_BIO_BIO,so,2009-03,,0.8490466129032258,
Teno_CEMENTOS_BIO_BIO,so,2009-04,,,
Teno_CEMENTOS_BIO_BIO,so,2009-05,,0.7422282000000001,
Teno_CEMENTOS_BIO_BIO ,nox ,2009-02,,4.1333502499999994,
Teno_CEMENTOS_BIO_BIO ,nox ,2009-03,,8.89078580645161,
Teno_CEMENTOS_BIO_BIO ,nox ,2009-04,,,
Teno_CEMENTOS_BIO_BIO ,nox ,2009-05,,12.556891,
Teno_ENLASA,no,2009-06,,2.197935392857143,
Teno_ENLASA,no2,2009-02,,1.2391731571428575,
Teno_ENLASA,no2,2009-03,,3.776084967741935,
Teno_ENLASA,no2,2009-04,,,
Teno_ENLASA,no2,2009-05,,9.320082199999998,
Teno_ENLASA,o3,2009-06,,5.065143629629629,
U.C_Maule,mp2.5,2013-03,19.871014492753623,,
U.C_Maule,mp2.5,2013-04,26.943055555555564,,
U.C_Maule,mp2.5,2013-05,37.324450677886865,,19.5
U.C_Maule,mp2.5,2013-06,37.05165312270576,,2.3333333333333335
U.C_Maule,mp2.5,2013-07,45.73900293255133,,21.203703703703706
U.C_Maule,mp2.5,2013-08,44.640603085554,,27.5
U.C_Maule,mp2.5,2013-09,24.420833333333334,,
U.C_Maule,mp2.5,2013-10,12.393817204301074,,
U.C_Maule,mp2.5,2013-11,10.375270562770563,,28.888888888888886
U.C_Maule,mp2.5,2013-12,8.519021739130435,,18.666666666666668
U.C_Maule,mp2.5,2014-01,9.009375,,
U.C_Maule,mp2.5,2014-02,9.867474489795919,,160.33333333333334
U.C_Maule,mp2.5,2014-03,15.548153342683499,,7.0
U.C_Maule,mp2.5,2014-04,29.27633399209486,,29.0
U.C_Maule,mp2.5,2014-05,41.4219155085214,,16.5
U.C_Maule,mp2.5,2014-06,41.91186549582352,,11.0625
U.C_Maule,mp2.5,2014-07,35.62103174603174,,19.477272727272727
U.C_Maule,mp2.5,2014-08,32.520117727060224,,402.4663611111111
U.C_Maule,mp2.5,2014-09,15.380401844532276,,325.17512500000004
U.C_Maule,mp2.5,2014-10,10.132012622720897,,502.888495
U.C_Maule,mp2.5,2014-11,6.522355090579711,,
U.C_Maule,mp2.5,2014-12,7.410200648500633,,4.170771111111111
U.C_Maule,mp2.5,2015-01,11.92186769518467,,
U.C_Maule,mp2.5,2015-02,17.80728284396763,,25.75
U.C_Maule,mp2.5,2015-03,13.727325853202425,,17.62
U.C_Maule,mp2.5,2015-04,25.498731884057968,,9.60999
U.C_Maule,mp2.5,2015-05,47.02682882857325,,75.6349
U.C_Maule,mp2.5,2015-06,40.41923819565216,,15.3665
U.C_Maule,mp2.5,2015-07,44.18367707573633,,8.67
U.C_Maule,mp2.5,2015-08,31.524489178039705,,
U.C_Maule,mp2.5,2015-09,18.09310714783707,,
U.C_Maule,mp2.5,2015-10,10.282357864633617,,
U.C_Maule,mp2.5,2015-11,7.1040606757246385,,
U.C_Maule,mp2.5,2015-12,7.155381442934782,,1.3150484055010894
U.C_Maule,mp2.5,2016-01,7.696372115136193,,6.77699
U.C_Maule,mp2.5,2016-02,7.768490260145902,52.6,8.12999
U.C_Maule,mp2.5,2016-03,16.735971289237295,,
U.C_Maule,mp2.5,2016-04,19.357798687637242,,28.46
U.C_Maule,mp2.5,2016-05,35.79031139274937,,206.1
U.C_Maule,mp2.5,2016-06,46.23660576136364,,134.8
U.C_Maule,mp2.5,2016-07,40.856564838709666,,
U.C_Maule,mp2.5,2016-08,25.079483131454797,,44.73
U.C_Maule,mp2.5,2016-09,17.658324943566093,,
U.C_Maule,mp2.5,2016-10,6.043508356761869,,
U.C_Maule,mp2.5,2016-11,5.0157647368796665,,40.73825
U.C_Maule,mp2.5,2016-12,8.950577744252872,,3.4256639254385965
U.C_Maule,mp2.5,2017-01,31.263850076554466,5.377000000000002,1.0
U.C_Maule,mp2.5,2017-02,8.360107801677488,,5.42
U.C_Maule,mp2.5,2017-03,11.529260855274341,,
U.C_Maule,mp2.5,2017-04,14.17528136661543,,
U.C_Maule,mp2.5,2017-05,33.80289036933146,,
U.C_Maule,mp2.5,2017-06,31.93346882231153,,21.0
U.C_Maule,mp2.5,2017-07,40.06808087891538,,
U.C_Maule,mp2.5,2017-08,28.85838220918866,,1.0
U.C_Maule,mp2.5,2017-09,17.44039855072464,,
U.C_Maule,mp2.5,2017-10,8.43838383838384,,1.25
U.C_Maule,mp2.5,2017-11,7.277272727272729,,
U.C_Maule,mp2.5,2017-12,6.51675917851054,,3.7439743589743593
U.C_Maule,mp2.5,2018-01,8.043132942326489,,47.0
U.C_Maule,mp2.5,2018-02,9.771295474711625,,
U.C_Maule,mp2.5,2018-03,8.095679799396489,,
U.C_Maule,mp2.5,2018-04,19.198838080959526,,10.0
U.C_Maule,mp2.5,2018-05,34.11705767350927,,
U.C_Maule,mp2.5,2018-06,48.09808410188845,,1.0
U.C_Maule,mp2.5,2018-07,41.590112201963535,,
U.C_Maule,mp2.5,2018-08,32.10787751285648,,
U.C_Maule,mp2.5,2018-09,13.868626482213436,,
U.C_Maule,mp2.5,2018-10,7.453259958834992,,
U.C_Maule,mp2.5,2018-11,4.604830917874396,,
U.C_Maule,mp2.5,2018-12,10.819779396016278,,18.776754385964914
U.C_Maule,mp2.5,2019-01,9.116946109056908,,7.0
U.C_Maule,mp2.5,2019-02,12.1678742929458,,11.0
U.C_Maule,mp2.5,2019-03,17.63979496426902,,8.0
U.C_Maule,mp2.5,2019-04,25.532625164690383,,23.125
U.C_Maule,mp2.5,2019-05,34.003231574409696,,38.25
U.C_Maule,mp2.5,2019-06,28.08973429951691,,43.0
U.C_Maule,mp2.5,2019-07,35.24155212189898,,34.5
U.C_Maule,mp2.5,2019-08,31.661023933990265,,15.0
U.C_Maule,mp2.5,2019-09,16.54152001380262,,12.222222222222221
U.C_Maule,mp2.5,2019-10,11.312258277019847,,51.4
U.C_Maule,mp2.5,2019-11,8.042270979538062,,9.38154761904762
U.C_Maule,mp2.5,2019-12,7.168496435529727,,5.7
U.C_Maule,mp2.5,2020-01,,8.752780986167258,16.2
U.C_Maule,mp2.5,2020-02,,9.248321004823334,10.611111111111112
U.C_Maule,mp2.5,2020-03,,6.972023885417996,3.8
U.C_Maule,mp2.5,2020-04,,18.250845410628017,37.666666666666664
U.C_Maule,mp2.5,2020-05,,32.62036210633686,38.25
U.C_Maule,mp2.5,2020-06,,34.85615942028985,45.0
U.C_Maule,mp2.5,2020-07,,32.17738216668791,80.33333333333333
U.C_Maule,mp2.5,2020-08,,20.51085185657416,18.0
U.C_Maule,mp2.5,2020-09,,13.363864577451533,7.833333333333333
U.C_Maule,mp2.5,2020-10,,7.2350822389391825,4.9375
U.C_Maule,mp2.5,2020-11,,7.3325752333623395,13.121713934213934
U.C_Maule,mp2.5,2020-12,,5.94256910006535,8.003472222222221
U.C_Maule,mp2.5,2021-01,,7.807422046552479,29.5
U.C_Maule,mp2.5,2021-02,,9.950116459627328,
U.C_Maule,mp2.5,2021-03,,12.168850142377494,20.0
U.C_Maule,mp2.5,2021-04,,16.169746376811595,65.5
U.C_Maule,mp2.5,2021-05,,22.751380262249832,
Univercidad_de_talca,mp10,2013-03,64.92797272727273,,
Univercidad_de_talca,mp10,2013-04,82.46542333333333,,
Univercidad_de_talca,mp10,2013-05,64.03671290322582,,
Univercidad_de_talca,mp10,2013-06,70.92493571428572,,71.2777
Univercidad_de_talca,mp10,2013-07,47.61890967741936,,
Univercidad_de_talca,mp10,2013-08,54.07520645161292,,
Univercidad_de_talca,mp10,2013-09,37.495810000000006,,
Univercidad_de_talca,mp10,2013-10,38.77551161290323,,
Univercidad_de_talca,mp10,2013-11,29.90415666666667,,
Univercidad_de_talca,mp10,2013-12,33.53130000000001,,
Univercidad_de_talca,mp10,2014-01,42.17408387096775,,
Univercidad_de_talca,mp10,2014-02,31.452303571428576,,
Univercidad_de_talca,mp10,2014-03,43.88647931034483,,
Univercidad_de_talca,mp10,2014-04,54.02247142857143,,36.5555
Univercidad_de_talca,mp10,2014-05,51.54754193548388,,
Univercidad_de_talca,mp10,2014-06,49.24324000000001,,
Univercidad_de_talca,mp10,2014-07,54.5953935483871,,
Univercidad_de_talca,mp10,2014-08,49.691487096774196,,
Univercidad_de_talca,mp10,2014-09,35.65880666666667,,
Univercidad_de_talca,mp10,2014-10,47.39653225806452,,
Univercidad_de_talca,mp10,2014-11,36.521436666666666,,
Univercidad_de_talca,mp10,2014-12,31.311080645161287,,
Univercidad_de_talca,mp10,2015-01,44.593996666666676,,50.4841
Univercidad_de_talca,mp10,2015-02,57.48833571428572,,
Univercidad_de_talca,mp10,2015-03,65.31290322580647,,
Univercidad_de_talca,mp10,2015-04,78.54141000000001,,
Univercidad_de_talca,mp10,2015-05,66.72687419354837,,
Univercidad_de_talca,mp10,2015-06,56.16658333333334,,
Univercidad_de_talca,mp10,2015-07,58.02403870967743,,
Univercidad_de_talca,mp10,2015-08,49.83532903225808,,
Univercidad_de_talca,mp10,2015-09,39.813676666666666,,
Univercidad_de_talca,mp10,2015-10,31.425174193548383,,
Univercidad_de_talca,mp10,2015-11,29.070276,14.038625,16.393
Univercidad_de_talca,mp10,2015-12,38.27472592592593,,7.0176675
Univercidad_de_talca,mp10,2016-01,31.267545161290325,,
Univercidad_de_talca,mp10,2016-02,35.82314137931035,,
Univercidad_de_talca,mp10,2016-03,71.86744838709677,,
Univercidad_de_talca,mp10,2016-04,44.40461344827587,38.0524,
Univercidad_de_talca,mp10,2016-05,47.01895483870969,,
Univercidad_de_talca,mp10,2016-06,55.30532666666667,,
Univercidad_de_talca,mp10,2016-07,51.471422903225815,,
Univercidad_de_talca,mp10,2016-08,42.97831935483872,,
Univercidad_de_talca,mp10,2016-09,50.031169999999996,,
Univercidad_de_talca,mp10,2016-10,25.817017419354833,,
Univercidad_de_talca,mp10,2016-11,36.829407499999995,,
Univercidad_de_talca,mp10,2016-12,26.815161481481482,,10.114754999999999
Univercidad_de_talca,mp10,2017-01,58.93040740740742,,
Univercidad_de_talca,mp10,2017-02,33.656035714285714,,
Univercidad_de_talca,mp10,2017-03,42.932154838709685,,
Univercidad_de_talca,mp10,2017-04,35.91669310344828,,
Univercidad_de_talca,mp10,2017-05,45.67741935483871,,
Univercidad_de_talca,mp10,2017-06,37.53333333333333,,
Univercidad_de_talca,mp10,2017-07,42.58064516129032,,
Univercidad_de_talca,mp10,2017-08,32.42857142857143,,
Univercidad_de_talca,mp10,2017-09,34.56666666666667,,
Univercidad_de_talca,mp10,2017-10,22.0,,
Univercidad_de_talca,mp10,2017-11,28.814814814814813,,16.0
Univercidad_de_talca,mp10,2017-12,28.35483870967742,,
Univercidad_de_talca,mp10,2018-01,34.70967741935484,,
Univercidad_de_talca,mp10,2018-02,33.333333333333336,,
Univercidad_de_talca,mp10,2018-03,34.645161290322584,,
Univercidad_de_talca,mp10,2018-04,38.93333333333333,,
Univercidad_de_talca,mp10,2018-05,44.03225806451613,,
Univercidad_de_talca,mp10,2018-06,52.46666666666667,,
Univercidad_de_talca,mp10,2018-07,52.67741935483871,,
Univercidad_de_talca,mp10,2018-08,46.45161290322581,,
Univercidad_de_talca,mp10,2018-09,30.266666666666666,,
Univercidad_de_talca,mp10,2018-10,21.741935483870968,,
Univercidad_de_talca,mp10,2018-11,25.82758620689655,,10.0
Univercidad_de_talca,mp10,2018-12,36.32258064516129,,
Univercidad_de_talca,mp10,2019-01,37.25806451612903,,
Univercidad_de_talca,mp10,2019-02,39.17857142857143,,
Univercidad_de_talca,mp10,2019-03,53.93333333333333,,
Univercidad_de_talca,mp10,2019-04,59.833333333333336,,
Univercidad_de_talca,mp10,2019-05,51.42307692307692,,
Univercidad_de_talca,mp10,2019-06,42.464285714285715,,23.0
Univercidad_de_talca,mp10,2019-07,49.46666666666667,,
Univercidad_de_talca,mp10,2019-08,46.61290322580645,,
Univercidad_de_talca,mp10,2019-09,32.43333333333333,,
Univercidad_de_talca,mp10,2019-10,31.967741935483872,,
Univercidad_de_talca,mp10,2019-11,32.92307692307692,,12.5
Univercidad_de_talca,mp10,2019-12,30.06896551724138,,7.0
Univercidad_de_talca,mp10,2020-01,,37.36666666666667,
Univercidad_de_talca,mp10,2020-02,,35.724137931034484,
Univercidad_de_talca,mp10,2020-03,,30.548387096774192,
Univercidad_de_talca,mp10,2020-04,,39.03448275862069,12.0
Univercidad_de_talca,mp10,2020-05,,41.354838709677416,
Univercidad_de_talca,mp10,2020-06,,42.827586206896555,70.0
Univercidad_de_talca,mp10,2020-07,,40.38709677419355,
Univercidad_de_talca,mp10,2020-08,,29.129032258064516,
Univercidad_de_talca,mp10,2020-09,,27.1,
Univercidad_de_talca,mp10,2020-10,,22.884615384615383,7.0
Univercidad_de_talca,mp10,2020-11,,19.5,
Univercidad_de_talca,mp10,2020-12,,20.133333333333333,
Univercidad_de_talca,mp10,2021-01,,25.0,
Univercidad_de_talca,mp10,2021-02,,26.85185185185185,
Univercidad_de_talca,mp10,2021-03,,39.2,
Univercidad_de_talca,mp10,2021-04,,45.93333333333333,
Univercidad_de_talca,mp10,2021-05,,40.375,
Univercidad_de_talca,mp2.5,2013-03,20.08662714097497,,
Univercidad_de_talca,mp2.5,2013-04,28.105983123157035,,6.208333333333333
Univercidad_de_talca,mp2.5,2013-05,40.97782902379979,,80.5074074074074
Univercidad_de_talca,mp2.5,2013-06,50.6691335029493,,0.0
Univercidad_de_talca,mp2.5,2013-07,42.75011687704535,,20.333333333333332
Univercidad_de_talca,mp2.5,2013-08,43.01881720430108,,
Univercidad_de_talca,mp2.5,2013-09,25.356944444444448,,
Univercidad_de_talca,mp2.5,2013-10,14.830645161290322,,
Univercidad_de_talca,mp2.5,2013-11,12.480555555555556,,
Univercidad_de_talca,mp2.5,2013-12,12.633239831697056,,1.0
Univercidad_de_talca,mp2.5,2014-01,19.181217858812527,,
Univercidad_de_talca,mp2.5,2014-02,12.217157477025896,,274.0
Univercidad_de_talca,mp2.5,2014-03,17.545188234704366,,126.0
Univercidad_de_talca,mp2.5,2014-04,27.31706165140628,,16.61111111111111
Univercidad_de_talca,mp2.5,2014-05,32.76335320243104,,42.0
Univercidad_de_talca,mp2.5,2014-06,28.331397091115765,,58.31952380952381
Univercidad_de_talca,mp2.5,2014-07,43.0008537258777,,79.47278911564626
Univercidad_de_talca,mp2.5,2014-08,26.76694241820284,,738.417374875
Univercidad_de_talca,mp2.5,2014-09,11.860376938723617,,494.828
Univercidad_de_talca,mp2.5,2014-10,8.028212347882754,,772.844
Univercidad_de_talca,mp2.5,2014-11,5.3657186932367145,,7.983989999999999
Univercidad_de_talca,mp2.5,2014-12,5.650706050140252,,0.7519994999999999
Univercidad_de_talca,mp2.5,2015-01,9.459151472650774,,4.0
Univercidad_de_talca,mp2.5,2015-02,14.921325051759831,,9.32
Univercidad_de_talca,mp2.5,2015-03,11.961313697989716,,10.43
Univercidad_de_talca,mp2.5,2015-04,22.639734299516913,,
Univercidad_de_talca,mp2.5,2015-05,36.76575778151431,,
Univercidad_de_talca,mp2.5,2015-06,32.85755093357488,4.047214285714286,466.32494433333335
Univercidad_de_talca,mp2.5,2015-07,35.08810637584907,,12.86
Univercidad_de_talca,mp2.5,2015-08,26.716426050405882,,
Univercidad_de_talca,mp2.5,2015-09,13.387260292270529,,5.167999999999998
Univercidad_de_talca,mp2.5,2015-10,8.30829977805504,9.31998,
Univercidad_de_talca,mp2.5,2015-11,5.7012926228354965,,1.0
Univercidad_de_talca,mp2.5,2015-12,5.8327811258447015,,
Univercidad_de_talca,mp2.5,2016-01,5.913416305935913,,1.1898020833333334
Univercidad_de_talca,mp2.5,2016-02,6.681113473263368,,8.10999
Univercidad_de_talca,mp2.5,2016-03,18.32922305782226,,8.10999
Univercidad_de_talca,mp2.5,2016-04,17.874802477958937,,10.7
Univercidad_de_talca,mp2.5,2016-05,31.119083722268265,42.43,
Univercidad_de_talca,mp2.5,2016-06,44.238106233091784,,
Univercidad_de_talca,mp2.5,2016-07,39.001837773492305,39.3,
Univercidad_de_talca,mp2.5,2016-08,24.09042780175528,,55.05
Univercidad_de_talca,mp2.5,2016-09,16.80088855599473,,
Univercidad_de_talca,mp2.5,2016-10,6.477231401455957,6.747999999999998,
Univercidad_de_talca,mp2.5,2016-11,5.477470977661228,,
Univercidad_de_talca,mp2.5,2016-12,7.997283304698458,,
Univercidad_de_talca,mp2.5,2017-01,24.503177987503864,,1.8600083333333335
Univercidad_de_talca,mp2.5,2017-02,6.169723038209847,,1.0
Univercidad_de_talca,mp2.5,2017-03,9.015370198372223,,
Univercidad_de_talca,mp2.5,2017-04,11.632430482407688,26.0,
Univercidad_de_talca,mp2.5,2017-05,30.920090420332357,,
Univercidad_de_talca,mp2.5,2017-06,26.81429464361387,,
Univercidad_de_talca,mp2.5,2017-07,32.98983169705469,61.0,17.0
Univercidad_de_talca,mp2.5,2017-08,23.906274703557308,,1.0
Univercidad_de_talca,mp2.5,2017-09,15.759178743961353,10.5,
Univercidad_de_talca,mp2.5,2017-10,5.588651238896681,,1.0
Univercidad_de_talca,mp2.5,2017-11,4.968969979296066,,
Univercidad_de_talca,mp2.5,2017-12,4.139577938303575,,1.8382575757575756
Univercidad_de_talca,mp2.5,2018-01,6.124041962401009,,
Univercidad_de_talca,mp2.5,2018-02,7.518596569062406,,
Univercidad_de_talca,mp2.5,2018-03,7.102446524957044,,
Univercidad_de_talca,mp2.5,2018-04,16.12729468599034,,
Univercidad_de_talca,mp2.5,2018-05,30.800342130987296,,
Univercidad_de_talca,mp2.5,2018-06,42.65123517786561,,
Univercidad_de_talca,mp2.5,2018-07,41.383590462833105,,
Univercidad_de_talca,mp2.5,2018-08,30.545831739555446,,
Univercidad_de_talca,mp2.5,2018-09,11.292550505050505,,
Univercidad_de_talca,mp2.5,2018-10,5.238758553274683,,
Univercidad_de_talca,mp2.5,2018-11,3.440181224004754,,1.0
Univercidad_de_talca,mp2.5,2018-12,5.999220032840722,,1.0625
Univercidad_de_talca,mp2.5,2019-01,6.735507246376812,,
Univercidad_de_talca,mp2.5,2019-02,9.517857142857142,,
Univercidad_de_talca,mp2.5,2019-03,15.527653108929407,,1.0
Univercidad_de_talca,mp2.5,2019-04,21.832301273605626,,15.0
Univercidad_de_talca,mp2.5,2019-05,28.831597633315724,,22.0
Univercidad_de_talca,mp2.5,2019-06,25.75304636642718,,15.5
Univercidad_de_talca,mp2.5,2019-07,35.6059975070397,,37.07532051282051
Univercidad_de_talca,mp2.5,2019-08,30.262102086786523,,
Univercidad_de_talca,mp2.5,2019-09,13.549853347135956,,2.0
Univercidad_de_talca,mp2.5,2019-10,7.4763065942939715,,
Univercidad_de_talca,mp2.5,2019-11,4.515329649646421,,1.1029411764705883
Univercidad_de_talca,mp2.5,2019-12,4.813782991202346,,
Univercidad_de_talca,mp2.5,2020-01,,6.436532425031722,
Univercidad_de_talca,mp2.5,2020-02,,6.807420153559583,
Univercidad_de_talca,mp2.5,2020-03,,7.147104940407886,3.0
Univercidad_de_talca,mp2.5,2020-04,,16.06561594202899,6.0
Univercidad_de_talca,mp2.5,2020-05,,28.41033014130379,8.0
Univercidad_de_talca,mp2.5,2020-06,,34.559124945103214,1.0
Univercidad_de_talca,mp2.5,2020-07,,31.307051935908877,35.0
Univercidad_de_talca,mp2.5,2020-08,,19.35777126099707,
Univercidad_de_talca,mp2.5,2020-09,,13.27803140096618,
Univercidad_de_talca,mp2.5,2020-10,,5.912094560007444,1.7319444444444443
Univercidad_de_talca,mp2.5,2020-11,,4.784299516908214,76.0
Univercidad_de_talca,mp2.5,2020-12,,5.495223219977779,11.5
Univercidad_de_talca,mp2.5,2021-01,,8.553608337112063,12.5
Univercidad_de_talca,mp2.5,2021-02,,6.144964787627832,19.0
Univercidad_de_talca,mp2.5,2021-03,,9.448255344468528,115.0
Univercidad_de_talca,mp2.5,2021-04,,16.786605182257354,
Univercidad_de_talca,mp2.5,2021-05,,21.339975845410624,20.0
