Estacion,Material,Registros Validados,Registros Preliminares,Registros No Validados,Fecha
alto_hospicio,mp2.5,6.162996521739132,,,2016-02-09
alto_hospicio,mp2.5,7.331707083333332,,,2016-02-10
alto_hospicio,mp2.5,7.118037083333334,,,2016-02-11
alto_hospicio,mp2.5,7.968039166666668,,,2016-02-12
alto_hospicio,mp2.5,6.739650869565218,,70.2799,2016-02-13
alto_hospicio,mp2.5,7.827329166666668,,,2016-02-14
alto_hospicio,mp2.5,8.139414999999998,,,2016-02-15
alto_hospicio,mp2.5,8.59333,,,2016-02-16
alto_hospicio,mp2.5,8.93253666666667,,,2016-02-17
alto_hospicio,mp2.5,8.617648695652173,,,2016-02-18
alto_hospicio,mp2.5,11.605735652173912,,,2016-02-19
alto_hospicio,mp2.5,8.776495416666664,,,2016-02-20
alto_hospicio,mp2.5,7.8548704166666665,,,2016-02-21
alto_hospicio,mp2.5,6.253581666666668,,,2016-02-22
alto_hospicio,mp2.5,6.634860909090909,,,2016-02-23
alto_hospicio,mp2.5,9.400540416666667,,,2016-02-24
alto_hospicio,mp2.5,7.114270000000001,,,2016-02-25
alto_hospicio,mp2.5,6.777871666666667,,,2016-02-26
alto_hospicio,mp2.5,5.885247916666667,,,2016-02-27
alto_hospicio,mp2.5,7.203205833333333,,,2016-02-28
alto_hospicio,mp2.5,8.351581666666666,,,2016-02-29
alto_hospicio,mp2.5,7.543453750000001,,,2016-03-01
alto_hospicio,mp2.5,8.351121666666668,,,2016-03-02
alto_hospicio,mp2.5,10.294244166666667,,,2016-03-03
alto_hospicio,mp2.5,9.92491625,,,2016-03-04
alto_hospicio,mp2.5,9.671371666666666,,,2016-03-05
alto_hospicio,mp2.5,10.435538333333335,,,2016-03-06
alto_hospicio,mp2.5,7.217369999999999,,,2016-03-07
alto_hospicio,mp2.5,7.88437125,,,2016-03-08
alto_hospicio,mp2.5,8.026705833333333,,,2016-03-09
alto_hospicio,mp2.5,9.812455416666666,,,2016-03-10
alto_hospicio,mp2.5,10.334995217391304,,,2016-03-11
alto_hospicio,mp2.5,8.295955833333336,,,2016-03-12
alto_hospicio,mp2.5,7.560290000000001,,,2016-03-13
alto_hospicio,mp2.5,9.387411666666667,,,2016-03-14
alto_hospicio,mp2.5,9.245241666666669,,,2016-03-15
alto_hospicio,mp2.5,8.819788333333333,,,2016-03-16
alto_hospicio,mp2.5,6.6649962500000015,,,2016-03-17
alto_hospicio,mp2.5,6.842821739130436,,,2016-03-18
alto_hospicio,mp2.5,7.0197891666666665,,,2016-03-19
alto_hospicio,mp2.5,8.872283333333334,45.78,,2016-03-20
alto_hospicio,mp2.5,8.399225909090909,,,2016-03-21
alto_hospicio,mp2.5,8.410819130434783,,,2016-03-22
alto_hospicio,mp2.5,7.7999937500000005,,3.118,2016-03-23
alto_hospicio,mp2.5,,,2.1855000000000007,2016-03-24
alto_hospicio,mp2.5,,,2.228000000000001,2016-03-25
alto_hospicio,mp2.5,13.512495833333334,,2.8463618181818187,2016-03-26
alto_hospicio,mp2.5,10.507621666666667,,,2016-03-27
alto_hospicio,mp2.5,10.011371666666667,,,2016-03-28
alto_hospicio,mp2.5,8.976580416666668,,,2016-03-29
alto_hospicio,mp2.5,13.739330416666666,,,2016-03-30
alto_hospicio,mp2.5,13.427830833333331,,,2016-03-31
alto_hospicio,mp2.5,7.5290783333333335,,,2016-04-01
alto_hospicio,mp2.5,9.844380769230769,,,2016-04-02
alto_hospicio,mp2.5,10.456272727272728,,,2016-04-03
alto_hospicio,mp2.5,9.345246249999999,,,2016-04-04
alto_hospicio,mp2.5,6.155707083333334,,,2016-04-05
alto_hospicio,mp2.5,7.9986233333333345,,,2016-04-06
alto_hospicio,mp2.5,8.812084782608697,,,2016-04-07
alto_hospicio,mp2.5,8.266912083333331,,,2016-04-08
alto_hospicio,mp2.5,8.38137125,,,2016-04-09
alto_hospicio,mp2.5,5.64524875,,,2016-04-10
alto_hospicio,mp2.5,5.95654,,,2016-04-11
alto_hospicio,mp2.5,7.034079166666667,,,2016-04-12
alto_hospicio,mp2.5,10.775913333333335,,,2016-04-13
alto_hospicio,mp2.5,8.9770375,,,2016-04-14
alto_hospicio,mp2.5,7.190914583333332,,,2016-04-15
alto_hospicio,mp2.5,11.089079999999997,,,2016-04-16
alto_hospicio,mp2.5,10.252744166666668,,,2016-04-17
alto_hospicio,mp2.5,9.3032875,,,2016-04-18
alto_hospicio,mp2.5,9.799454166666667,,,2016-04-19
alto_hospicio,mp2.5,8.708083333333333,,,2016-04-20
alto_hospicio,mp2.5,9.656170869565218,,6.312,2016-04-21
alto_hospicio,mp2.5,7.007862272727274,,6.312,2016-04-22
alto_hospicio,mp2.5,10.537705,,,2016-04-23
alto_hospicio,mp2.5,8.098329166666668,,,2016-04-24
alto_hospicio,mp2.5,7.375288750000002,,,2016-04-25
alto_hospicio,mp2.5,6.3544566666666675,,,2016-04-26
alto_hospicio,mp2.5,7.147744166666666,,,2016-04-27
alto_hospicio,mp2.5,6.707957500000002,,,2016-04-28
alto_hospicio,mp2.5,8.126871666666668,,,2016-04-29
alto_hospicio,mp2.5,15.78474708333333,,,2016-04-30
alto_hospicio,mp2.5,13.004240416666667,,,2016-05-01
alto_hospicio,mp2.5,13.528786666666663,,,2016-05-02
alto_hospicio,mp2.5,11.560077916666666,,,2016-05-03
alto_hospicio,mp2.5,10.287680454545454,,1.0,2016-05-04
alto_hospicio,mp2.5,10.366388695652173,,,2016-05-05
alto_hospicio,mp2.5,16.35124833333333,,,2016-05-06
alto_hospicio,mp2.5,16.08283125,,,2016-05-07
alto_hospicio,mp2.5,7.716538750000002,,,2016-05-08
alto_hospicio,mp2.5,11.23228791666667,,,2016-05-09
alto_hospicio,mp2.5,11.72728875,,,2016-05-10
alto_hospicio,mp2.5,10.479832083333333,,,2016-05-11
alto_hospicio,mp2.5,12.970215217391305,75.0697,,2016-05-12
alto_hospicio,mp2.5,12.46756347826087,,,2016-05-13
alto_hospicio,mp2.5,10.750288750000001,,,2016-05-14
alto_hospicio,mp2.5,10.169288333333334,,,2016-05-15
alto_hospicio,mp2.5,10.339495416666667,,,2016-05-16
alto_hospicio,mp2.5,7.261787916666667,,,2016-05-17
alto_hospicio,mp2.5,9.389328749999999,,,2016-05-18
alto_hospicio,mp2.5,14.169127826086958,,164.9,2016-05-19
alto_hospicio,mp2.5,11.970414166666666,,,2016-05-20
alto_hospicio,mp2.5,10.836955416666667,,,2016-05-21
alto_hospicio,mp2.5,12.394326666666666,,,2016-05-22
alto_hospicio,mp2.5,12.268371666666667,,,2016-05-23
alto_hospicio,mp2.5,13.701664583333333,,,2016-05-24
alto_hospicio,mp2.5,13.17217347826087,,,2016-05-25
alto_hospicio,mp2.5,16.18166666666667,,,2016-05-26
alto_hospicio,mp2.5,16.36625,,,2016-05-27
alto_hospicio,mp2.5,13.042270454545456,,,2016-05-28
alto_hospicio,mp2.5,13.35608304347826,,,2016-05-29
alto_hospicio,mp2.5,16.127916666666664,,,2016-05-30
alto_hospicio,mp2.5,15.915651304347826,,,2016-05-31
alto_hospicio,mp2.5,19.13291583333333,,,2016-06-01
alto_hospicio,mp2.5,20.859649000000005,100.23323333333333,,2016-06-02
alto_hospicio,mp2.5,13.572749166666666,,,2016-06-03
alto_hospicio,mp2.5,10.807327916666665,,,2016-06-04
alto_hospicio,mp2.5,14.848915833333331,,,2016-06-05
alto_hospicio,mp2.5,11.460288749999998,,,2016-06-06
alto_hospicio,mp2.5,10.536952916666666,,,2016-06-07
alto_hospicio,mp2.5,15.362171739130435,,,2016-06-08
alto_hospicio,mp2.5,17.62875,,,2016-06-09
alto_hospicio,mp2.5,21.530833333333334,,,2016-06-10
alto_hospicio,mp2.5,16.7075,,,2016-06-11
alto_hospicio,mp2.5,14.069999583333333,,,2016-06-12
alto_hospicio,mp2.5,12.310622916666667,,,2016-06-13
alto_hospicio,mp2.5,15.955206249999998,,,2016-06-14
alto_hospicio,mp2.5,17.44391625,,,2016-06-15
alto_hospicio,mp2.5,16.539237142857147,,,2016-06-16
alto_hospicio,mp2.5,9.147952083333331,,,2016-06-17
alto_hospicio,mp2.5,12.622871666666667,,,2016-06-18
alto_hospicio,mp2.5,12.651873333333333,,,2016-06-19
alto_hospicio,mp2.5,15.1752075,,,2016-06-20
alto_hospicio,mp2.5,17.14666666666666,,,2016-06-21
alto_hospicio,mp2.5,18.535833333333333,,,2016-06-22
alto_hospicio,mp2.5,16.225833333333334,,,2016-06-23
alto_hospicio,mp2.5,11.817040434782609,,,2016-06-24
alto_hospicio,mp2.5,11.545411666666666,,,2016-06-25
alto_hospicio,mp2.5,15.827827916666665,,,2016-06-26
alto_hospicio,mp2.5,10.723289583333338,,,2016-06-27
alto_hospicio,mp2.5,16.227134545454543,422.3985,,2016-06-28
alto_hospicio,mp2.5,29.336082608695648,123.4,,2016-06-29
alto_hospicio,mp2.5,19.330416666666668,,,2016-06-30
alto_hospicio,mp2.5,9.715788333333332,,,2016-07-01
alto_hospicio,mp2.5,4.184790416666667,,,2016-07-02
alto_hospicio,mp2.5,5.631833333333333,,,2016-07-03
alto_hospicio,mp2.5,4.920363636363636,,,2016-07-04
alto_hospicio,mp2.5,9.871456666666665,,,2016-07-05
alto_hospicio,mp2.5,10.822329583333334,,,2016-07-06
alto_hospicio,mp2.5,11.14887375,,,2016-07-07
alto_hospicio,mp2.5,19.906468260869563,75.71,,2016-07-08
alto_hospicio,mp2.5,36.60415416666667,,,2016-07-09
alto_hospicio,mp2.5,16.66491583333333,,,2016-07-10
alto_hospicio,mp2.5,11.459414583333333,,,2016-07-11
alto_hospicio,mp2.5,14.565415000000002,,,2016-07-12
alto_hospicio,mp2.5,17.629583333333333,,,2016-07-13
alto_hospicio,mp2.5,13.857083333333334,,,2016-07-14
alto_hospicio,mp2.5,10.170665416666667,,,2016-07-15
alto_hospicio,mp2.5,14.453333333333331,,,2016-07-16
alto_hospicio,mp2.5,9.772953750000001,,,2016-07-17
alto_hospicio,mp2.5,12.112664166666667,,,2016-07-18
alto_hospicio,mp2.5,16.635833333333334,,,2016-07-19
alto_hospicio,mp2.5,16.864166666666666,,,2016-07-20
alto_hospicio,mp2.5,17.7425,,,2016-07-21
alto_hospicio,mp2.5,15.360583333333333,,,2016-07-22
alto_hospicio,mp2.5,16.22565217391304,,,2016-07-23
alto_hospicio,mp2.5,11.913742083333332,,,2016-07-24
alto_hospicio,mp2.5,15.685372499999994,,,2016-07-25
alto_hospicio,mp2.5,15.375416666666666,,,2016-07-26
alto_hospicio,mp2.5,10.14095208333333,,,2016-07-27
alto_hospicio,mp2.5,8.396912083333333,,,2016-07-28
alto_hospicio,mp2.5,9.872414166666667,,,2016-07-29
alto_hospicio,mp2.5,11.13391,,,2016-07-30
alto_hospicio,mp2.5,17.262442777777775,,,2016-07-31
alto_hospicio,mp2.5,18.747916666666665,,,2016-08-01
alto_hospicio,mp2.5,14.19895458333333,,,2016-08-02
alto_hospicio,mp2.5,11.151562173913044,78.0,,2016-08-03
alto_hospicio,mp2.5,13.68574875,,,2016-08-04
alto_hospicio,mp2.5,10.944300434782607,,,2016-08-05
alto_hospicio,mp2.5,10.482287083333333,,,2016-08-06
alto_hospicio,mp2.5,15.929499166666666,,,2016-08-07
alto_hospicio,mp2.5,11.374247500000003,,,2016-08-08
alto_hospicio,mp2.5,13.81374916666667,,,2016-08-09
alto_hospicio,mp2.5,18.39583166666667,,,2016-08-10
alto_hospicio,mp2.5,18.380416666666665,,,2016-08-11
alto_hospicio,mp2.5,18.949130434782607,,,2016-08-12
alto_hospicio,mp2.5,15.799581666666663,,,2016-08-13
alto_hospicio,mp2.5,16.309999166666667,,,2016-08-14
alto_hospicio,mp2.5,17.899166666666662,,,2016-08-15
alto_hospicio,mp2.5,11.47449833333333,,,2016-08-16
alto_hospicio,mp2.5,12.211955000000001,,,2016-08-17
alto_hospicio,mp2.5,10.382455416666668,,,2016-08-18
alto_hospicio,mp2.5,10.991163749999998,,,2016-08-19
alto_hospicio,mp2.5,14.792498749999998,,,2016-08-20
alto_hospicio,mp2.5,13.601957916666665,,,2016-08-21
alto_hospicio,mp2.5,13.034037083333331,,,2016-08-22
alto_hospicio,mp2.5,16.56416583333333,,,2016-08-23
alto_hospicio,mp2.5,14.523333333333333,,,2016-08-24
alto_hospicio,mp2.5,13.104997916666663,,,2016-08-25
alto_hospicio,mp2.5,10.665578333333332,,,2016-08-26
alto_hospicio,mp2.5,13.983665,,,2016-08-27
alto_hospicio,mp2.5,12.622582499999998,,,2016-08-28
alto_hospicio,mp2.5,10.510703333333334,,,2016-08-29
alto_hospicio,mp2.5,12.949873333333331,,,2016-08-30
alto_hospicio,mp2.5,6.992999999999999,10.839822173913042,,2016-08-31
alto_hospicio,mp2.5,11.530080416666664,,,2016-09-01
alto_hospicio,mp2.5,16.10590909090909,,,2016-09-02
alto_hospicio,mp2.5,12.694873333333332,,,2016-09-03
alto_hospicio,mp2.5,10.325080833333333,,,2016-09-04
alto_hospicio,mp2.5,14.99083291666667,,,2016-09-05
alto_hospicio,mp2.5,16.69272727272727,,,2016-09-06
alto_hospicio,mp2.5,14.013747916666667,,,2016-09-07
alto_hospicio,mp2.5,12.381122916666667,,,2016-09-08
alto_hospicio,mp2.5,17.814166250000003,,,2016-09-09
alto_hospicio,mp2.5,17.629165,,,2016-09-10
alto_hospicio,mp2.5,12.126246250000001,,,2016-09-11
alto_hospicio,mp2.5,11.53116375,,,2016-09-12
alto_hospicio,mp2.5,10.155790416666667,,,2016-09-13
alto_hospicio,mp2.5,14.892749166666663,,,2016-09-14
alto_hospicio,mp2.5,11.928998333333332,,,2016-09-15
alto_hospicio,mp2.5,16.09625,,,2016-09-16
alto_hospicio,mp2.5,19.585416666666664,,,2016-09-17
alto_hospicio,mp2.5,17.870416249999998,,,2016-09-18
alto_hospicio,mp2.5,14.735499166666663,,,2016-09-19
alto_hospicio,mp2.5,11.403328333333333,,,2016-09-20
alto_hospicio,mp2.5,10.779078749999998,,,2016-09-21
alto_hospicio,mp2.5,10.935332083333334,,,2016-09-22
alto_hospicio,mp2.5,13.544665833333333,,,2016-09-23
alto_hospicio,mp2.5,13.0762475,,,2016-09-24
alto_hospicio,mp2.5,13.828373750000003,,,2016-09-25
alto_hospicio,mp2.5,11.744538750000002,,,2016-09-26
alto_hospicio,mp2.5,13.0199975,,,2016-09-27
alto_hospicio,mp2.5,15.999165833333334,,,2016-09-28
alto_hospicio,mp2.5,15.161332499999999,,,2016-09-29
alto_hospicio,mp2.5,10.212540416666668,,,2016-09-30
alto_hospicio,mp2.5,8.028579583333332,,,2016-10-01
alto_hospicio,mp2.5,8.112324583333335,,,2016-10-02
alto_hospicio,mp2.5,8.811344782608696,,,2016-10-03
alto_hospicio,mp2.5,12.253043333333336,,,2016-10-04
alto_hospicio,mp2.5,8.708125,,,2016-10-05
alto_hospicio,mp2.5,7.140000434782609,,,2016-10-06
alto_hospicio,mp2.5,7.290625416666668,,,2016-10-07
alto_hospicio,mp2.5,7.461458333333334,,,2016-10-08
alto_hospicio,mp2.5,8.410209583333334,,,2016-10-09
alto_hospicio,mp2.5,10.72220875,,,2016-10-10
alto_hospicio,mp2.5,15.89833375,,,2016-10-11
alto_hospicio,mp2.5,14.751249583333333,,,2016-10-12
alto_hospicio,mp2.5,15.543749999999998,,,2016-10-13
alto_hospicio,mp2.5,15.543417916666664,,,2016-10-14
alto_hospicio,mp2.5,10.793500416666665,,,2016-10-15
alto_hospicio,mp2.5,7.388625833333335,,,2016-10-16
alto_hospicio,mp2.5,7.155912608695651,,,2016-10-17
alto_hospicio,mp2.5,9.105250416666669,,,2016-10-18
alto_hospicio,mp2.5,10.566168333333334,,,2016-10-19
alto_hospicio,mp2.5,6.198125416666667,,,2016-10-20
alto_hospicio,mp2.5,8.850207916666667,,,2016-10-21
alto_hospicio,mp2.5,8.282751666666668,,,2016-10-22
alto_hospicio,mp2.5,9.530751250000002,,,2016-10-23
alto_hospicio,mp2.5,8.59391875,,,2016-10-24
alto_hospicio,mp2.5,9.886416666666664,,,2016-10-25
alto_hospicio,mp2.5,6.184500416666666,,,2016-10-26
alto_hospicio,mp2.5,7.361291666666666,,,2016-10-27
alto_hospicio,mp2.5,7.943666666666666,,,2016-10-28
alto_hospicio,mp2.5,7.957083750000002,,,2016-10-29
alto_hospicio,mp2.5,9.601835416666669,,,2016-10-30
alto_hospicio,mp2.5,9.601790833333334,,,2016-10-31
alto_hospicio,mp2.5,8.892708333333333,,,2016-11-01
alto_hospicio,mp2.5,8.296626666666668,,,2016-11-02
alto_hospicio,mp2.5,7.985002083333335,,,2016-11-03
alto_hospicio,mp2.5,8.438085,,,2016-11-04
alto_hospicio,mp2.5,11.713459583333332,,,2016-11-05
alto_hospicio,mp2.5,10.352165833333332,,,2016-11-06
alto_hospicio,mp2.5,8.920334166666668,,,2016-11-07
alto_hospicio,mp2.5,8.926410000000002,,,2016-11-08
alto_hospicio,mp2.5,10.60833375,,,2016-11-09
alto_hospicio,mp2.5,11.884252083333331,,,2016-11-10
alto_hospicio,mp2.5,8.807334166666669,,,2016-11-11
alto_hospicio,mp2.5,6.056583749999999,,,2016-11-12
alto_hospicio,mp2.5,6.7090000000000005,,,2016-11-13
alto_hospicio,mp2.5,7.544750000000001,,,2016-11-14
alto_hospicio,mp2.5,8.42437625,,,2016-11-15
alto_hospicio,mp2.5,9.137305217391305,,,2016-11-16
alto_hospicio,mp2.5,12.593458333333333,,,2016-11-17
alto_hospicio,mp2.5,13.769833749999998,,,2016-11-18
alto_hospicio,mp2.5,13.246500416666665,,,2016-11-19
alto_hospicio,mp2.5,9.345666666666668,,,2016-11-20
alto_hospicio,mp2.5,8.339334166666669,,,2016-11-21
alto_hospicio,mp2.5,8.466625416666668,,,2016-11-22
alto_hospicio,mp2.5,9.871251666666668,,,2016-11-23
alto_hospicio,mp2.5,8.778750833333334,,,2016-11-24
alto_hospicio,mp2.5,8.778374583333333,,,2016-11-25
alto_hospicio,mp2.5,7.26183375,,,2016-11-26
alto_hospicio,mp2.5,8.382292500000002,,,2016-11-27
alto_hospicio,mp2.5,8.919668333333334,,,2016-11-28
alto_hospicio,mp2.5,10.282458333333333,,,2016-11-29
alto_hospicio,mp2.5,12.792435652173916,212.6,,2016-11-30
alto_hospicio,mp2.5,14.068959166666666,,,2016-12-01
alto_hospicio,mp2.5,9.543127916666666,,,2016-12-02
alto_hospicio,mp2.5,10.083500416666668,,,2016-12-03
alto_hospicio,mp2.5,10.039545000000002,,,2016-12-04
alto_hospicio,mp2.5,9.2042925,,,2016-12-05
alto_hospicio,mp2.5,8.494500416666666,,,2016-12-06
alto_hospicio,mp2.5,9.969667083333333,,,2016-12-07
alto_hospicio,mp2.5,7.785666666666668,,,2016-12-08
alto_hospicio,mp2.5,5.872000416666666,,,2016-12-09
alto_hospicio,mp2.5,6.184292083333333,,,2016-12-10
alto_hospicio,mp2.5,5.489957916666667,,,2016-12-11
alto_hospicio,mp2.5,6.453582916666666,,,2016-12-12
alto_hospicio,mp2.5,7.673333750000001,,,2016-12-13
alto_hospicio,mp2.5,8.225044166666667,,,2016-12-14
alto_hospicio,mp2.5,11.089334583333335,,,2016-12-15
alto_hospicio,mp2.5,7.468700000000001,,,2016-12-16
alto_hospicio,mp2.5,7.501877083333334,,,2016-12-17
alto_hospicio,mp2.5,6.42475041666667,,,2016-12-18
alto_hospicio,mp2.5,7.464696956521739,,,2016-12-19
alto_hospicio,mp2.5,9.064217391304348,,,2016-12-20
alto_hospicio,mp2.5,7.138827391304349,,,2016-12-21
alto_hospicio,mp2.5,5.602125,,,2016-12-22
alto_hospicio,mp2.5,5.715958333333333,,,2016-12-23
alto_hospicio,mp2.5,7.601917916666669,,,2016-12-24
alto_hospicio,mp2.5,8.567083333333331,,,2016-12-25
alto_hospicio,mp2.5,6.744137272727273,,,2016-12-26
alto_hospicio,mp2.5,4.6807912499999995,,,2016-12-27
alto_hospicio,mp2.5,6.099541666666667,,,2016-12-28
alto_hospicio,mp2.5,5.985707916666667,,,2016-12-29
alto_hospicio,mp2.5,8.608042500000002,,,2016-12-30
alto_hospicio,mp2.5,6.110882941176472,,31.983000000000004,2016-12-31
alto_hospicio,mp2.5,5.754364545454546,,17.096923076923076,2017-01-01
alto_hospicio,mp2.5,4.596041666666667,,,2017-01-02
alto_hospicio,mp2.5,4.49675,,,2017-01-03
alto_hospicio,mp2.5,6.6802083333333355,,,2017-01-04
alto_hospicio,mp2.5,5.262000416666667,,,2017-01-05
alto_hospicio,mp2.5,5.785875416666667,,,2017-01-06
alto_hospicio,mp2.5,6.580417499999999,,,2017-01-07
alto_hospicio,mp2.5,8.083334583333334,,,2017-01-08
alto_hospicio,mp2.5,4.751583749999999,,,2017-01-09
alto_hospicio,mp2.5,3.57475,,,2017-01-10
alto_hospicio,mp2.5,3.5749583333333343,,,2017-01-11
alto_hospicio,mp2.5,3.730667083333334,,,2017-01-12
alto_hospicio,mp2.5,6.373727272727274,,,2017-01-13
alto_hospicio,mp2.5,4.581458333333333,,,2017-01-14
alto_hospicio,mp2.5,4.6563043478260875,,,2017-01-15
alto_hospicio,mp2.5,6.806125416666666,,,2017-01-16
alto_hospicio,mp2.5,8.90681909090909,,,2017-01-17
alto_hospicio,mp2.5,6.159166666666668,,,2017-01-18
alto_hospicio,mp2.5,2.762857142857143,,,2017-01-19
alto_hospicio,mp2.5,4.2551250000000005,,,2017-01-20
alto_hospicio,mp2.5,4.666625000000001,,,2017-01-21
alto_hospicio,mp2.5,3.021875,,,2017-01-22
alto_hospicio,mp2.5,4.439250416666667,,,2017-01-23
alto_hospicio,mp2.5,5.459667083333333,,,2017-01-24
alto_hospicio,mp2.5,5.57375,,,2017-01-25
alto_hospicio,mp2.5,8.0962925,,,2017-01-26
alto_hospicio,mp2.5,7.359084583333334,,,2017-01-27
alto_hospicio,mp2.5,8.479543333333334,,,2017-01-28
alto_hospicio,mp2.5,7.969752499999999,,,2017-01-29
alto_hospicio,mp2.5,10.082167916666666,,,2017-01-30
alto_hospicio,mp2.5,10.777376666666667,,,2017-01-31
alto_hospicio,mp2.5,10.521375416666666,,,2017-02-01
alto_hospicio,mp2.5,12.322792916666664,,,2017-02-02
alto_hospicio,mp2.5,12.01062583333333,,,2017-02-03
alto_hospicio,mp2.5,11.982710416666663,,,2017-02-04
alto_hospicio,mp2.5,8.253251666666666,,,2017-02-05
alto_hospicio,mp2.5,7.842127083333335,,,2017-02-06
alto_hospicio,mp2.5,8.197209166666667,,,2017-02-07
alto_hospicio,mp2.5,8.393765882352943,,,2017-02-08
alto_hospicio,mp2.5,10.508291666666667,,,2017-02-09
alto_hospicio,mp2.5,8.664875833333333,,,2017-02-10
alto_hospicio,mp2.5,6.566042916666667,,,2017-02-11
alto_hospicio,mp2.5,5.942459166666667,,,2017-02-12
alto_hospicio,mp2.5,8.62013727272727,,6.82,2017-02-13
alto_hospicio,mp2.5,4.419001111111111,,12.702,2017-02-14
alto_hospicio,mp2.5,,,,2017-02-15
alto_hospicio,mp2.5,,,,2017-02-16
alto_hospicio,mp2.5,,,,2017-02-17
alto_hospicio,mp2.5,,,,2017-02-18
alto_hospicio,mp2.5,,,,2017-02-19
alto_hospicio,mp2.5,,,,2017-02-20
alto_hospicio,mp2.5,,,,2017-02-21
alto_hospicio,mp2.5,,,,2017-02-22
alto_hospicio,mp2.5,,,6.548602000000001,2017-02-23
alto_hospicio,mp2.5,,,6.310773181818183,2017-02-24
alto_hospicio,mp2.5,,,2.8367894736842096,2017-02-25
alto_hospicio,mp2.5,,,2.483083333333333,2017-02-26
alto_hospicio,mp2.5,,,4.059,2017-02-27
alto_hospicio,mp2.5,11.23018181818182,,4.530615384615386,2017-02-28
alto_hospicio,mp2.5,12.683819090909088,,,2017-03-01
alto_hospicio,mp2.5,13.443750833333334,,,2017-03-02
alto_hospicio,mp2.5,14.989166666666668,,,2017-03-03
alto_hospicio,mp2.5,16.407499999999995,,,2017-03-04
alto_hospicio,mp2.5,13.18837625,,,2017-03-05
alto_hospicio,mp2.5,16.974999999999994,,,2017-03-06
alto_hospicio,mp2.5,16.786956521739132,,,2017-03-07
alto_hospicio,mp2.5,17.63974958333333,,,2017-03-08
alto_hospicio,mp2.5,14.904292500000002,,,2017-03-09
alto_hospicio,mp2.5,16.379167083333336,,,2017-03-10
alto_hospicio,mp2.5,16.166666666666668,,,2017-03-11
alto_hospicio,mp2.5,14.862083333333336,,,2017-03-12
alto_hospicio,mp2.5,16.067083333333333,,,2017-03-13
alto_hospicio,mp2.5,15.794090909090908,,,2017-03-14
alto_hospicio,mp2.5,15.060416666666669,,,2017-03-15
alto_hospicio,mp2.5,12.01100125,,,2017-03-16
alto_hospicio,mp2.5,13.783876666666666,,,2017-03-17
alto_hospicio,mp2.5,13.883375000000001,,,2017-03-18
alto_hospicio,mp2.5,10.750875833333334,,,2017-03-19
alto_hospicio,mp2.5,12.976416666666665,,,2017-03-20
alto_hospicio,mp2.5,13.698542916666668,,,2017-03-21
alto_hospicio,mp2.5,17.101792083333333,,,2017-03-22
alto_hospicio,mp2.5,17.42875,,,2017-03-23
alto_hospicio,mp2.5,18.5625,,,2017-03-24
alto_hospicio,mp2.5,14.578750833333338,,,2017-03-25
alto_hospicio,mp2.5,12.792500416666668,,,2017-03-26
alto_hospicio,mp2.5,13.16141625,,,2017-03-27
alto_hospicio,mp2.5,14.039584166666664,,,2017-03-28
alto_hospicio,mp2.5,14.451333750000002,,,2017-03-29
alto_hospicio,mp2.5,13.076250000000002,,,2017-03-30
alto_hospicio,mp2.5,12.905540833333335,,,2017-03-31
alto_hospicio,mp2.5,16.635,,,2017-04-01
alto_hospicio,mp2.5,14.920417083333332,,,2017-04-02
alto_hospicio,mp2.5,10.919667083333332,,,2017-04-03
alto_hospicio,mp2.5,13.175541666666668,,,2017-04-04
alto_hospicio,mp2.5,16.351666666666667,,,2017-04-05
alto_hospicio,mp2.5,14.64958333333333,,,2017-04-06
alto_hospicio,mp2.5,16.63583333333333,,,2017-04-07
alto_hospicio,mp2.5,16.691666666666666,,,2017-04-08
alto_hospicio,mp2.5,16.620417083333333,,,2017-04-09
alto_hospicio,mp2.5,15.16125,,,2017-04-10
alto_hospicio,mp2.5,13.826458749999999,,,2017-04-11
alto_hospicio,mp2.5,14.650000833333332,,,2017-04-12
alto_hospicio,mp2.5,15.302083749999996,,,2017-04-13
alto_hospicio,mp2.5,14.125000416666666,,,2017-04-14
alto_hospicio,mp2.5,15.217083333333335,,,2017-04-15
alto_hospicio,mp2.5,13.104999999999997,,,2017-04-16
alto_hospicio,mp2.5,11.899333749999998,,,2017-04-17
alto_hospicio,mp2.5,11.106728181818184,,,2017-04-18
alto_hospicio,mp2.5,11.401292499999998,,,2017-04-19
alto_hospicio,mp2.5,15.500000833333331,,,2017-04-20
alto_hospicio,mp2.5,17.443333333333335,,,2017-04-21
alto_hospicio,mp2.5,14.33875,,,2017-04-22
alto_hospicio,mp2.5,14.395417083333333,,,2017-04-23
alto_hospicio,mp2.5,15.074583333333337,,,2017-04-24
alto_hospicio,mp2.5,15.090416666666664,,,2017-04-25
alto_hospicio,mp2.5,15.715713809523809,,,2017-04-26
alto_hospicio,mp2.5,14.253749583333333,,,2017-04-27
alto_hospicio,mp2.5,17.898695652173917,,,2017-04-28
alto_hospicio,mp2.5,18.381249999999998,,,2017-04-29
alto_hospicio,mp2.5,18.94875,,,2017-04-30
alto_hospicio,mp2.5,14.406666666666666,,,2017-05-01
alto_hospicio,mp2.5,18.17391304347826,,,2017-05-02
alto_hospicio,mp2.5,19.0,,,2017-05-03
alto_hospicio,mp2.5,13.291666666666666,,,2017-05-04
alto_hospicio,mp2.5,15.041666666666666,,,2017-05-05
alto_hospicio,mp2.5,15.25,,,2017-05-06
alto_hospicio,mp2.5,11.25,,,2017-05-07
alto_hospicio,mp2.5,12.458333333333334,,,2017-05-08
alto_hospicio,mp2.5,14.695652173913043,,,2017-05-09
alto_hospicio,mp2.5,12.125,,,2017-05-10
alto_hospicio,mp2.5,9.416666666666666,,,2017-05-11
alto_hospicio,mp2.5,9.6,,,2017-05-12
alto_hospicio,mp2.5,11.357142857142858,,6.0,2017-05-13
alto_hospicio,mp2.5,12.125,,,2017-05-14
alto_hospicio,mp2.5,8.333333333333334,,44.0,2017-05-15
alto_hospicio,mp2.5,7.625,,,2017-05-16
alto_hospicio,mp2.5,13.083333333333334,,,2017-05-17
alto_hospicio,mp2.5,10.166666666666666,,,2017-05-18
alto_hospicio,mp2.5,11.541666666666666,,,2017-05-19
alto_hospicio,mp2.5,10.208333333333334,,,2017-05-20
alto_hospicio,mp2.5,14.375,,,2017-05-21
alto_hospicio,mp2.5,12.217391304347826,,85.0,2017-05-22
alto_hospicio,mp2.5,11.75,,,2017-05-23
alto_hospicio,mp2.5,12.434782608695652,,,2017-05-24
alto_hospicio,mp2.5,10.541666666666666,,,2017-05-25
alto_hospicio,mp2.5,13.416666666666666,,,2017-05-26
alto_hospicio,mp2.5,19.958333333333332,,,2017-05-27
alto_hospicio,mp2.5,17.208333333333332,,,2017-05-28
alto_hospicio,mp2.5,13.875,,,2017-05-29
alto_hospicio,mp2.5,16.041666666666668,,,2017-05-30
alto_hospicio,mp2.5,14.791666666666666,,,2017-05-31
alto_hospicio,mp2.5,13.333333333333334,,,2017-06-01
alto_hospicio,mp2.5,12.25,,,2017-06-02
alto_hospicio,mp2.5,12.166666666666666,,,2017-06-03
alto_hospicio,mp2.5,14.125,,,2017-06-04
alto_hospicio,mp2.5,13.416666666666666,,,2017-06-05
alto_hospicio,mp2.5,14.791666666666666,,,2017-06-06
alto_hospicio,mp2.5,13.166666666666666,,,2017-06-07
alto_hospicio,mp2.5,10.227272727272727,,,2017-06-08
alto_hospicio,mp2.5,14.625,,,2017-06-09
alto_hospicio,mp2.5,11.166666666666666,,,2017-06-10
alto_hospicio,mp2.5,10.291666666666666,,,2017-06-11
alto_hospicio,mp2.5,11.043478260869565,,,2017-06-12
alto_hospicio,mp2.5,13.166666666666666,,,2017-06-13
alto_hospicio,mp2.5,19.916666666666668,,,2017-06-14
alto_hospicio,mp2.5,19.0,,,2017-06-15
alto_hospicio,mp2.5,17.416666666666668,,,2017-06-16
alto_hospicio,mp2.5,17.625,,,2017-06-17
alto_hospicio,mp2.5,11.041666666666666,,,2017-06-18
alto_hospicio,mp2.5,10.090909090909092,,,2017-06-19
alto_hospicio,mp2.5,13.458333333333334,,,2017-06-20
alto_hospicio,mp2.5,15.0,,,2017-06-21
alto_hospicio,mp2.5,18.166666666666668,,,2017-06-22
alto_hospicio,mp2.5,23.666666666666668,,,2017-06-23
alto_hospicio,mp2.5,20.791666666666668,,,2017-06-24
alto_hospicio,mp2.5,16.291666666666668,,,2017-06-25
alto_hospicio,mp2.5,12.25,,,2017-06-26
alto_hospicio,mp2.5,10.25,,,2017-06-27
alto_hospicio,mp2.5,10.541666666666666,,,2017-06-28
alto_hospicio,mp2.5,9.416666666666666,,,2017-06-29
alto_hospicio,mp2.5,11.208333333333334,,,2017-06-30
alto_hospicio,mp2.5,17.541666666666668,,,2017-07-01
alto_hospicio,mp2.5,23.583333333333332,,,2017-07-02
alto_hospicio,mp2.5,12.458333333333334,,,2017-07-03
alto_hospicio,mp2.5,15.956521739130435,,,2017-07-04
alto_hospicio,mp2.5,20.0,,,2017-07-05
alto_hospicio,mp2.5,16.416666666666668,,,2017-07-06
alto_hospicio,mp2.5,18.666666666666668,,,2017-07-07
alto_hospicio,mp2.5,18.916666666666668,,,2017-07-08
alto_hospicio,mp2.5,15.833333333333334,,,2017-07-09
alto_hospicio,mp2.5,13.375,,,2017-07-10
alto_hospicio,mp2.5,12.833333333333334,,,2017-07-11
alto_hospicio,mp2.5,11.916666666666666,,,2017-07-12
alto_hospicio,mp2.5,12.958333333333334,,,2017-07-13
alto_hospicio,mp2.5,15.125,,,2017-07-14
alto_hospicio,mp2.5,11.583333333333334,,,2017-07-15
alto_hospicio,mp2.5,10.333333333333334,,,2017-07-16
alto_hospicio,mp2.5,9.166666666666666,,,2017-07-17
alto_hospicio,mp2.5,14.043478260869565,,,2017-07-18
alto_hospicio,mp2.5,17.791666666666668,,,2017-07-19
alto_hospicio,mp2.5,14.833333333333334,,,2017-07-20
alto_hospicio,mp2.5,11.333333333333334,,,2017-07-21
alto_hospicio,mp2.5,15.625,,,2017-07-22
alto_hospicio,mp2.5,19.583333333333332,,,2017-07-23
alto_hospicio,mp2.5,22.041666666666668,,,2017-07-24
alto_hospicio,mp2.5,19.666666666666668,,,2017-07-25
alto_hospicio,mp2.5,19.041666666666668,,,2017-07-26
alto_hospicio,mp2.5,14.625,,,2017-07-27
alto_hospicio,mp2.5,13.666666666666666,,,2017-07-28
alto_hospicio,mp2.5,12.625,,,2017-07-29
alto_hospicio,mp2.5,12.291666666666666,,,2017-07-30
alto_hospicio,mp2.5,13.916666666666666,,,2017-07-31
alto_hospicio,mp2.5,14.166666666666666,,,2017-08-01
alto_hospicio,mp2.5,15.416666666666666,,,2017-08-02
alto_hospicio,mp2.5,13.833333333333334,,,2017-08-03
alto_hospicio,mp2.5,17.708333333333332,,,2017-08-04
alto_hospicio,mp2.5,19.458333333333332,,,2017-08-05
alto_hospicio,mp2.5,19.25,,,2017-08-06
alto_hospicio,mp2.5,16.083333333333332,,,2017-08-07
alto_hospicio,mp2.5,15.791666666666666,,,2017-08-08
alto_hospicio,mp2.5,15.041666666666666,,,2017-08-09
alto_hospicio,mp2.5,12.333333333333334,,,2017-08-10
alto_hospicio,mp2.5,9.041666666666666,,,2017-08-11
alto_hospicio,mp2.5,10.0,,,2017-08-12
alto_hospicio,mp2.5,14.25,,,2017-08-13
alto_hospicio,mp2.5,11.708333333333334,,,2017-08-14
alto_hospicio,mp2.5,12.416666666666666,,,2017-08-15
alto_hospicio,mp2.5,13.625,,,2017-08-16
alto_hospicio,mp2.5,17.130434782608695,,,2017-08-17
alto_hospicio,mp2.5,15.166666666666666,,,2017-08-18
alto_hospicio,mp2.5,14.166666666666666,,,2017-08-19
alto_hospicio,mp2.5,16.166666666666668,,,2017-08-20
alto_hospicio,mp2.5,14.291666666666666,,,2017-08-21
alto_hospicio,mp2.5,11.916666666666666,,,2017-08-22
alto_hospicio,mp2.5,13.125,,,2017-08-23
alto_hospicio,mp2.5,15.208333333333334,,,2017-08-24
alto_hospicio,mp2.5,14.125,,,2017-08-25
alto_hospicio,mp2.5,16.708333333333332,,,2017-08-26
alto_hospicio,mp2.5,12.583333333333334,,,2017-08-27
alto_hospicio,mp2.5,12.863636363636363,,,2017-08-28
alto_hospicio,mp2.5,15.208333333333334,,,2017-08-29
alto_hospicio,mp2.5,14.041666666666666,,,2017-08-30
alto_hospicio,mp2.5,11.541666666666666,,,2017-08-31
alto_hospicio,mp2.5,11.375,,,2017-09-01
alto_hospicio,mp2.5,13.956521739130435,,,2017-09-02
alto_hospicio,mp2.5,12.291666666666666,,,2017-09-03
alto_hospicio,mp2.5,10.125,,,2017-09-04
alto_hospicio,mp2.5,10.0,,,2017-09-05
alto_hospicio,mp2.5,6.833333333333333,,,2017-09-06
alto_hospicio,mp2.5,7.958333333333333,,,2017-09-07
alto_hospicio,mp2.5,10.333333333333334,,,2017-09-08
alto_hospicio,mp2.5,12.173913043478262,,,2017-09-09
alto_hospicio,mp2.5,8.916666666666666,,,2017-09-10
alto_hospicio,mp2.5,11.5,,,2017-09-11
alto_hospicio,mp2.5,9.625,,,2017-09-12
alto_hospicio,mp2.5,12.458333333333334,,,2017-09-13
alto_hospicio,mp2.5,12.041666666666666,,,2017-09-14
alto_hospicio,mp2.5,10.791666666666666,,,2017-09-15
alto_hospicio,mp2.5,12.416666666666666,,,2017-09-16
alto_hospicio,mp2.5,15.541666666666666,,,2017-09-17
alto_hospicio,mp2.5,28.583333333333332,,,2017-09-18
alto_hospicio,mp2.5,20.791666666666668,,,2017-09-19
alto_hospicio,mp2.5,12.916666666666666,,,2017-09-20
alto_hospicio,mp2.5,11.958333333333334,,,2017-09-21
alto_hospicio,mp2.5,9.173913043478262,,,2017-09-22
alto_hospicio,mp2.5,12.666666666666666,,,2017-09-23
alto_hospicio,mp2.5,7.625,,,2017-09-24
alto_hospicio,mp2.5,12.875,,,2017-09-25
alto_hospicio,mp2.5,14.458333333333334,,,2017-09-26
alto_hospicio,mp2.5,13.791666666666666,,,2017-09-27
alto_hospicio,mp2.5,13.291666666666666,,,2017-09-28
alto_hospicio,mp2.5,14.25,,,2017-09-29
alto_hospicio,mp2.5,14.125,,,2017-09-30
alto_hospicio,mp2.5,11.5,,,2017-10-01
alto_hospicio,mp2.5,13.541666666666666,,,2017-10-02
alto_hospicio,mp2.5,12.166666666666666,,,2017-10-03
alto_hospicio,mp2.5,9.916666666666666,,,2017-10-04
alto_hospicio,mp2.5,12.083333333333334,,,2017-10-05
alto_hospicio,mp2.5,16.375,,,2017-10-06
alto_hospicio,mp2.5,10.125,,,2017-10-07
alto_hospicio,mp2.5,11.0,,,2017-10-08
alto_hospicio,mp2.5,9.291666666666666,,,2017-10-09
alto_hospicio,mp2.5,10.08695652173913,,,2017-10-10
alto_hospicio,mp2.5,9.625,,,2017-10-11
alto_hospicio,mp2.5,10.75,,,2017-10-12
alto_hospicio,mp2.5,12.541666666666666,,,2017-10-13
alto_hospicio,mp2.5,16.375,,,2017-10-14
alto_hospicio,mp2.5,12.625,,,2017-10-15
alto_hospicio,mp2.5,14.541666666666666,,,2017-10-16
alto_hospicio,mp2.5,18.210526315789473,18.0,,2017-10-17
alto_hospicio,mp2.5,16.73913043478261,,,2017-10-18
alto_hospicio,mp2.5,16.083333333333332,,,2017-10-19
alto_hospicio,mp2.5,11.363636363636363,11.0,,2017-10-20
alto_hospicio,mp2.5,9.833333333333334,,,2017-10-21
alto_hospicio,mp2.5,10.625,,,2017-10-22
alto_hospicio,mp2.5,11.904761904761905,7.0,,2017-10-23
alto_hospicio,mp2.5,,,,2017-10-24
alto_hospicio,mp2.5,12.2,,,2017-10-25
alto_hospicio,mp2.5,12.333333333333334,,,2017-10-26
alto_hospicio,mp2.5,10.458333333333334,,,2017-10-27
alto_hospicio,mp2.5,9.291666666666666,,,2017-10-28
alto_hospicio,mp2.5,11.125,,,2017-10-29
alto_hospicio,mp2.5,11.588235294117647,,,2017-10-30
alto_hospicio,mp2.5,16.153846153846153,,,2017-10-31
alto_hospicio,mp2.5,15.416666666666666,,,2017-11-01
alto_hospicio,mp2.5,10.833333333333334,,,2017-11-02
alto_hospicio,mp2.5,14.25,,,2017-11-03
alto_hospicio,mp2.5,11.875,,,2017-11-04
alto_hospicio,mp2.5,7.958333333333333,,,2017-11-05
alto_hospicio,mp2.5,7.958333333333333,,,2017-11-06
alto_hospicio,mp2.5,9.5,,,2017-11-07
alto_hospicio,mp2.5,10.391304347826088,,,2017-11-08
alto_hospicio,mp2.5,8.956521739130435,,,2017-11-09
alto_hospicio,mp2.5,7.173913043478261,,,2017-11-10
alto_hospicio,mp2.5,7.541666666666667,,,2017-11-11
alto_hospicio,mp2.5,6.666666666666667,,,2017-11-12
alto_hospicio,mp2.5,9.130434782608695,,,2017-11-13
alto_hospicio,mp2.5,8.625,,,2017-11-14
alto_hospicio,mp2.5,8.5,,,2017-11-15
alto_hospicio,mp2.5,9.541666666666666,,,2017-11-16
alto_hospicio,mp2.5,8.227272727272727,,,2017-11-17
alto_hospicio,mp2.5,8.166666666666666,,,2017-11-18
alto_hospicio,mp2.5,9.416666666666666,,,2017-11-19
alto_hospicio,mp2.5,10.625,,,2017-11-20
alto_hospicio,mp2.5,14.708333333333334,,,2017-11-21
alto_hospicio,mp2.5,13.708333333333334,,,2017-11-22
alto_hospicio,mp2.5,11.0,,,2017-11-23
alto_hospicio,mp2.5,12.08695652173913,,,2017-11-24
alto_hospicio,mp2.5,14.958333333333334,,,2017-11-25
alto_hospicio,mp2.5,11.791666666666666,,,2017-11-26
alto_hospicio,mp2.5,12.25,,,2017-11-27
alto_hospicio,mp2.5,15.291666666666666,,,2017-11-28
alto_hospicio,mp2.5,16.875,,,2017-11-29
alto_hospicio,mp2.5,16.375,,,2017-11-30
alto_hospicio,mp2.5,15.958333333333334,,,2017-12-01
alto_hospicio,mp2.5,13.5,,,2017-12-02
alto_hospicio,mp2.5,12.058823529411764,,,2017-12-03
alto_hospicio,mp2.5,14.708333333333334,,,2017-12-04
alto_hospicio,mp2.5,13.25,,,2017-12-05
alto_hospicio,mp2.5,13.416666666666666,,,2017-12-06
alto_hospicio,mp2.5,16.565217391304348,,,2017-12-07
alto_hospicio,mp2.5,13.666666666666666,,,2017-12-08
alto_hospicio,mp2.5,13.791666666666666,,,2017-12-09
alto_hospicio,mp2.5,11.0,,,2017-12-10
alto_hospicio,mp2.5,9.5,,,2017-12-11
alto_hospicio,mp2.5,12.25,,,2017-12-12
alto_hospicio,mp2.5,15.916666666666666,,,2017-12-13
alto_hospicio,mp2.5,12.375,,,2017-12-14
alto_hospicio,mp2.5,10.75,,,2017-12-15
alto_hospicio,mp2.5,12.833333333333334,,,2017-12-16
alto_hospicio,mp2.5,8.166666666666666,,,2017-12-17
alto_hospicio,mp2.5,8.958333333333334,,,2017-12-18
alto_hospicio,mp2.5,10.173913043478262,,,2017-12-19
alto_hospicio,mp2.5,9.583333333333334,,,2017-12-20
alto_hospicio,mp2.5,12.125,,,2017-12-21
alto_hospicio,mp2.5,10.625,,,2017-12-22
alto_hospicio,mp2.5,10.416666666666666,,,2017-12-23
alto_hospicio,mp2.5,11.541666666666666,,,2017-12-24
alto_hospicio,mp2.5,10.083333333333334,,,2017-12-25
alto_hospicio,mp2.5,10.5,,,2017-12-26
alto_hospicio,mp2.5,11.5,,,2017-12-27
alto_hospicio,mp2.5,11.291666666666666,,,2017-12-28
alto_hospicio,mp2.5,9.541666666666666,,,2017-12-29
alto_hospicio,mp2.5,10.208333333333334,,,2017-12-30
alto_hospicio,mp2.5,16.5,,,2017-12-31
alto_hospicio,mp2.5,10.375,,,2018-01-01
alto_hospicio,mp2.5,7.666666666666667,,,2018-01-02
alto_hospicio,mp2.5,12.166666666666666,,,2018-01-03
alto_hospicio,mp2.5,11.25,,,2018-01-04
alto_hospicio,mp2.5,8.291666666666666,,,2018-01-05
alto_hospicio,mp2.5,7.333333333333333,,,2018-01-06
alto_hospicio,mp2.5,6.291666666666667,,,2018-01-07
alto_hospicio,mp2.5,9.583333333333334,,,2018-01-08
alto_hospicio,mp2.5,11.08695652173913,,,2018-01-09
alto_hospicio,mp2.5,9.666666666666666,,,2018-01-10
alto_hospicio,mp2.5,10.625,,,2018-01-11
alto_hospicio,mp2.5,11.291666666666666,,,2018-01-12
alto_hospicio,mp2.5,10.791666666666666,,,2018-01-13
alto_hospicio,mp2.5,9.916666666666666,,,2018-01-14
alto_hospicio,mp2.5,10.666666666666666,,,2018-01-15
alto_hospicio,mp2.5,13.083333333333334,,,2018-01-16
alto_hospicio,mp2.5,11.5,,,2018-01-17
alto_hospicio,mp2.5,10.458333333333334,,,2018-01-18
alto_hospicio,mp2.5,11.5,,,2018-01-19
alto_hospicio,mp2.5,11.916666666666666,,,2018-01-20
alto_hospicio,mp2.5,10.791666666666666,,,2018-01-21
alto_hospicio,mp2.5,12.25,,,2018-01-22
alto_hospicio,mp2.5,10.05,,,2018-01-23
alto_hospicio,mp2.5,11.125,,,2018-01-24
alto_hospicio,mp2.5,10.625,,,2018-01-25
alto_hospicio,mp2.5,13.625,,,2018-01-26
alto_hospicio,mp2.5,11.291666666666666,,,2018-01-27
alto_hospicio,mp2.5,10.0,,,2018-01-28
alto_hospicio,mp2.5,11.375,,,2018-01-29
alto_hospicio,mp2.5,9.916666666666666,,,2018-01-30
alto_hospicio,mp2.5,11.958333333333334,,,2018-01-31
alto_hospicio,mp2.5,13.25,,,2018-02-01
alto_hospicio,mp2.5,10.916666666666666,,,2018-02-02
alto_hospicio,mp2.5,10.583333333333334,,,2018-02-03
alto_hospicio,mp2.5,9.166666666666666,,,2018-02-04
alto_hospicio,mp2.5,10.041666666666666,,,2018-02-05
alto_hospicio,mp2.5,15.0,,,2018-02-06
alto_hospicio,mp2.5,12.5,,,2018-02-07
alto_hospicio,mp2.5,11.0,,,2018-02-08
alto_hospicio,mp2.5,9.0,,,2018-02-09
alto_hospicio,mp2.5,8.833333333333334,,,2018-02-10
alto_hospicio,mp2.5,9.875,,,2018-02-11
alto_hospicio,mp2.5,11.625,,,2018-02-12
alto_hospicio,mp2.5,9.541666666666666,,,2018-02-13
alto_hospicio,mp2.5,9.958333333333334,,,2018-02-14
alto_hospicio,mp2.5,10.458333333333334,,,2018-02-15
alto_hospicio,mp2.5,10.444444444444445,,2.75,2018-02-16
alto_hospicio,mp2.5,,,2.75,2018-02-17
alto_hospicio,mp2.5,,,2.5833333333333335,2018-02-18
alto_hospicio,mp2.5,8.8,,3.5,2018-02-19
alto_hospicio,mp2.5,8.041666666666666,,,2018-02-20
alto_hospicio,mp2.5,7.5,,,2018-02-21
alto_hospicio,mp2.5,6.291666666666667,,,2018-02-22
alto_hospicio,mp2.5,6.416666666666667,,,2018-02-23
alto_hospicio,mp2.5,6.458333333333333,,,2018-02-24
alto_hospicio,mp2.5,5.090909090909091,,,2018-02-25
alto_hospicio,mp2.5,5.0,,,2018-02-26
alto_hospicio,mp2.5,6.583333333333333,,,2018-02-27
alto_hospicio,mp2.5,8.875,,,2018-02-28
alto_hospicio,mp2.5,7.625,,,2018-03-01
alto_hospicio,mp2.5,8.217391304347826,,,2018-03-02
alto_hospicio,mp2.5,10.391304347826088,,121.0,2018-03-03
alto_hospicio,mp2.5,10.666666666666666,,,2018-03-04
alto_hospicio,mp2.5,11.708333333333334,,,2018-03-05
alto_hospicio,mp2.5,11.916666666666666,,,2018-03-06
alto_hospicio,mp2.5,13.125,,,2018-03-07
alto_hospicio,mp2.5,14.0,,,2018-03-08
alto_hospicio,mp2.5,16.375,,,2018-03-09
alto_hospicio,mp2.5,12.875,,,2018-03-10
alto_hospicio,mp2.5,10.875,,,2018-03-11
alto_hospicio,mp2.5,11.708333333333334,,,2018-03-12
alto_hospicio,mp2.5,11.458333333333334,,,2018-03-13
alto_hospicio,mp2.5,10.333333333333334,,,2018-03-14
alto_hospicio,mp2.5,9.833333333333334,,,2018-03-15
alto_hospicio,mp2.5,10.208333333333334,,,2018-03-16
alto_hospicio,mp2.5,9.5,,,2018-03-17
alto_hospicio,mp2.5,9.25,,,2018-03-18
alto_hospicio,mp2.5,8.958333333333334,,,2018-03-19
alto_hospicio,mp2.5,10.26086956521739,,,2018-03-20
alto_hospicio,mp2.5,11.041666666666666,,,2018-03-21
alto_hospicio,mp2.5,9.625,,,2018-03-22
alto_hospicio,mp2.5,10.375,,,2018-03-23
alto_hospicio,mp2.5,10.0,,,2018-03-24
alto_hospicio,mp2.5,7.909090909090909,,,2018-03-25
alto_hospicio,mp2.5,11.25,,,2018-03-26
alto_hospicio,mp2.5,8.958333333333334,,,2018-03-27
alto_hospicio,mp2.5,10.416666666666666,,,2018-03-28
alto_hospicio,mp2.5,9.958333333333334,,,2018-03-29
alto_hospicio,mp2.5,13.875,,,2018-03-30
alto_hospicio,mp2.5,12.041666666666666,,,2018-03-31
alto_hospicio,mp2.5,11.25,,,2018-04-01
alto_hospicio,mp2.5,12.416666666666666,,,2018-04-02
alto_hospicio,mp2.5,12.416666666666666,,,2018-04-03
alto_hospicio,mp2.5,13.5,,,2018-04-04
alto_hospicio,mp2.5,12.041666666666666,,,2018-04-05
alto_hospicio,mp2.5,11.25,,,2018-04-06
alto_hospicio,mp2.5,14.041666666666666,,,2018-04-07
alto_hospicio,mp2.5,9.875,,,2018-04-08
alto_hospicio,mp2.5,10.375,,,2018-04-09
alto_hospicio,mp2.5,12.041666666666666,,,2018-04-10
alto_hospicio,mp2.5,11.0,,,2018-04-11
alto_hospicio,mp2.5,8.333333333333334,,,2018-04-12
alto_hospicio,mp2.5,7.333333333333333,,,2018-04-13
alto_hospicio,mp2.5,8.666666666666666,,,2018-04-14
alto_hospicio,mp2.5,11.75,,,2018-04-15
alto_hospicio,mp2.5,10.272727272727273,,,2018-04-16
alto_hospicio,mp2.5,9.0,,,2018-04-17
alto_hospicio,mp2.5,10.375,,,2018-04-18
alto_hospicio,mp2.5,12.375,,,2018-04-19
alto_hospicio,mp2.5,10.875,,,2018-04-20
alto_hospicio,mp2.5,13.625,,,2018-04-21
alto_hospicio,mp2.5,12.75,,,2018-04-22
alto_hospicio,mp2.5,13.041666666666666,,,2018-04-23
alto_hospicio,mp2.5,13.625,,,2018-04-24
alto_hospicio,mp2.5,13.666666666666666,,,2018-04-25
alto_hospicio,mp2.5,14.375,,,2018-04-26
alto_hospicio,mp2.5,13.666666666666666,,,2018-04-27
alto_hospicio,mp2.5,12.25,,,2018-04-28
alto_hospicio,mp2.5,11.958333333333334,,,2018-04-29
alto_hospicio,mp2.5,11.916666666666666,,,2018-04-30
alto_hospicio,mp2.5,13.291666666666666,,,2018-05-01
alto_hospicio,mp2.5,10.458333333333334,,,2018-05-02
alto_hospicio,mp2.5,10.5,,,2018-05-03
alto_hospicio,mp2.5,10.08695652173913,,,2018-05-04
alto_hospicio,mp2.5,11.125,,,2018-05-05
alto_hospicio,mp2.5,11.541666666666666,,,2018-05-06
alto_hospicio,mp2.5,14.0,,,2018-05-07
alto_hospicio,mp2.5,12.791666666666666,,,2018-05-08
alto_hospicio,mp2.5,10.583333333333334,,,2018-05-09
alto_hospicio,mp2.5,13.0,,,2018-05-10
alto_hospicio,mp2.5,13.26086956521739,,,2018-05-11
alto_hospicio,mp2.5,10.958333333333334,,,2018-05-12
alto_hospicio,mp2.5,12.5,,,2018-05-13
alto_hospicio,mp2.5,11.291666666666666,,,2018-05-14
alto_hospicio,mp2.5,15.958333333333334,,,2018-05-15
alto_hospicio,mp2.5,15.916666666666666,,,2018-05-16
alto_hospicio,mp2.5,15.5,,,2018-05-17
alto_hospicio,mp2.5,15.75,,,2018-05-18
alto_hospicio,mp2.5,17.0,,,2018-05-19
alto_hospicio,mp2.5,11.458333333333334,,,2018-05-20
alto_hospicio,mp2.5,13.958333333333334,,,2018-05-21
alto_hospicio,mp2.5,17.791666666666668,,,2018-05-22
alto_hospicio,mp2.5,20.083333333333332,,,2018-05-23
alto_hospicio,mp2.5,22.791666666666668,,,2018-05-24
alto_hospicio,mp2.5,22.5,,,2018-05-25
alto_hospicio,mp2.5,17.958333333333332,,,2018-05-26
alto_hospicio,mp2.5,20.666666666666668,,,2018-05-27
alto_hospicio,mp2.5,17.458333333333332,,,2018-05-28
alto_hospicio,mp2.5,17.833333333333332,,,2018-05-29
alto_hospicio,mp2.5,20.416666666666668,,,2018-05-30
alto_hospicio,mp2.5,18.75,,,2018-05-31
alto_hospicio,mp2.5,14.0,,,2018-06-01
alto_hospicio,mp2.5,14.416666666666666,,,2018-06-02
alto_hospicio,mp2.5,13.875,,,2018-06-03
alto_hospicio,mp2.5,19.291666666666668,,,2018-06-04
alto_hospicio,mp2.5,20.458333333333332,,,2018-06-05
alto_hospicio,mp2.5,19.52173913043478,,,2018-06-06
alto_hospicio,mp2.5,18.583333333333332,,,2018-06-07
alto_hospicio,mp2.5,19.0,,,2018-06-08
alto_hospicio,mp2.5,15.083333333333334,,,2018-06-09
alto_hospicio,mp2.5,11.916666666666666,,,2018-06-10
alto_hospicio,mp2.5,13.375,,,2018-06-11
alto_hospicio,mp2.5,14.791666666666666,,,2018-06-12
alto_hospicio,mp2.5,14.458333333333334,,,2018-06-13
alto_hospicio,mp2.5,17.291666666666668,,,2018-06-14
alto_hospicio,mp2.5,24.875,,,2018-06-15
alto_hospicio,mp2.5,35.0,,,2018-06-16
alto_hospicio,mp2.5,30.708333333333332,,,2018-06-17
alto_hospicio,mp2.5,21.541666666666668,,,2018-06-18
alto_hospicio,mp2.5,21.625,,,2018-06-19
alto_hospicio,mp2.5,22.125,,,2018-06-20
alto_hospicio,mp2.5,16.833333333333332,,,2018-06-21
alto_hospicio,mp2.5,8.625,,,2018-06-22
alto_hospicio,mp2.5,7.375,,,2018-06-23
alto_hospicio,mp2.5,11.083333333333334,,,2018-06-24
alto_hospicio,mp2.5,13.875,,,2018-06-25
alto_hospicio,mp2.5,17.291666666666668,,,2018-06-26
alto_hospicio,mp2.5,13.0,,,2018-06-27
alto_hospicio,mp2.5,8.25,,,2018-06-28
alto_hospicio,mp2.5,12.708333333333334,,,2018-06-29
alto_hospicio,mp2.5,17.416666666666668,,,2018-06-30
alto_hospicio,mp2.5,17.916666666666668,,,2018-07-01
alto_hospicio,mp2.5,14.333333333333334,,,2018-07-02
alto_hospicio,mp2.5,10.652173913043478,,,2018-07-03
alto_hospicio,mp2.5,13.708333333333334,,,2018-07-04
alto_hospicio,mp2.5,18.458333333333332,,,2018-07-05
alto_hospicio,mp2.5,18.0,,,2018-07-06
alto_hospicio,mp2.5,16.291666666666668,,,2018-07-07
alto_hospicio,mp2.5,11.291666666666666,,,2018-07-08
alto_hospicio,mp2.5,7.0,,,2018-07-09
alto_hospicio,mp2.5,10.583333333333334,,,2018-07-10
alto_hospicio,mp2.5,18.791666666666668,,,2018-07-11
alto_hospicio,mp2.5,19.041666666666668,,,2018-07-12
alto_hospicio,mp2.5,21.333333333333332,,,2018-07-13
alto_hospicio,mp2.5,19.541666666666668,,,2018-07-14
alto_hospicio,mp2.5,20.625,,,2018-07-15
alto_hospicio,mp2.5,19.25,,,2018-07-16
alto_hospicio,mp2.5,16.375,,,2018-07-17
alto_hospicio,mp2.5,14.363636363636363,,,2018-07-18
alto_hospicio,mp2.5,11.681818181818182,,,2018-07-19
alto_hospicio,mp2.5,11.333333333333334,,,2018-07-20
alto_hospicio,mp2.5,14.391304347826088,,,2018-07-21
alto_hospicio,mp2.5,12.0,,,2018-07-22
alto_hospicio,mp2.5,7.75,,,2018-07-23
alto_hospicio,mp2.5,8.458333333333334,,,2018-07-24
alto_hospicio,mp2.5,11.5,,,2018-07-25
alto_hospicio,mp2.5,10.666666666666666,,,2018-07-26
alto_hospicio,mp2.5,5.8,,13.0,2018-07-27
alto_hospicio,mp2.5,12.5,,,2018-07-28
alto_hospicio,mp2.5,11.25,,,2018-07-29
alto_hospicio,mp2.5,9.909090909090908,,,2018-07-30
alto_hospicio,mp2.5,16.166666666666668,,,2018-07-31
alto_hospicio,mp2.5,12.333333333333334,,,2018-08-01
alto_hospicio,mp2.5,14.791666666666666,,,2018-08-02
alto_hospicio,mp2.5,21.875,,,2018-08-03
alto_hospicio,mp2.5,11.541666666666666,,,2018-08-04
alto_hospicio,mp2.5,10.291666666666666,,,2018-08-05
alto_hospicio,mp2.5,13.666666666666666,,,2018-08-06
alto_hospicio,mp2.5,12.708333333333334,,,2018-08-07
alto_hospicio,mp2.5,16.791666666666668,,,2018-08-08
alto_hospicio,mp2.5,12.0,,,2018-08-09
alto_hospicio,mp2.5,14.833333333333334,,,2018-08-10
alto_hospicio,mp2.5,11.875,,,2018-08-11
alto_hospicio,mp2.5,12.458333333333334,,,2018-08-12
alto_hospicio,mp2.5,9.875,,,2018-08-13
alto_hospicio,mp2.5,11.5,,,2018-08-14
alto_hospicio,mp2.5,15.458333333333334,,,2018-08-15
alto_hospicio,mp2.5,13.333333333333334,,,2018-08-16
alto_hospicio,mp2.5,13.041666666666666,,,2018-08-17
alto_hospicio,mp2.5,11.833333333333334,,,2018-08-18
alto_hospicio,mp2.5,9.916666666666666,,,2018-08-19
alto_hospicio,mp2.5,11.625,,,2018-08-20
alto_hospicio,mp2.5,13.5,,,2018-08-21
alto_hospicio,mp2.5,16.041666666666668,,,2018-08-22
alto_hospicio,mp2.5,13.166666666666666,,,2018-08-23
alto_hospicio,mp2.5,12.75,,,2018-08-24
alto_hospicio,mp2.5,8.583333333333334,,,2018-08-25
alto_hospicio,mp2.5,8.083333333333334,,,2018-08-26
alto_hospicio,mp2.5,9.583333333333334,,,2018-08-27
alto_hospicio,mp2.5,10.208333333333334,,,2018-08-28
alto_hospicio,mp2.5,11.375,,,2018-08-29
alto_hospicio,mp2.5,7.833333333333333,,,2018-08-30
alto_hospicio,mp2.5,8.772727272727273,,1.0,2018-08-31
alto_hospicio,mp2.5,10.25,,,2018-09-01
alto_hospicio,mp2.5,13.708333333333334,,,2018-09-02
alto_hospicio,mp2.5,9.25,,,2018-09-03
alto_hospicio,mp2.5,8.458333333333334,,,2018-09-04
alto_hospicio,mp2.5,7.916666666666667,,,2018-09-05
alto_hospicio,mp2.5,9.083333333333334,,,2018-09-06
alto_hospicio,mp2.5,10.541666666666666,,,2018-09-07
alto_hospicio,mp2.5,14.458333333333334,,,2018-09-08
alto_hospicio,mp2.5,13.666666666666666,,,2018-09-09
alto_hospicio,mp2.5,13.208333333333334,,,2018-09-10
alto_hospicio,mp2.5,13.619047619047619,,,2018-09-11
alto_hospicio,mp2.5,10.083333333333334,,,2018-09-12
alto_hospicio,mp2.5,9.541666666666666,,,2018-09-13
alto_hospicio,mp2.5,11.0,,30.0,2018-09-14
alto_hospicio,mp2.5,10.875,,,2018-09-15
alto_hospicio,mp2.5,11.375,,,2018-09-16
alto_hospicio,mp2.5,11.291666666666666,,,2018-09-17
alto_hospicio,mp2.5,14.5,,,2018-09-18
alto_hospicio,mp2.5,11.833333333333334,,,2018-09-19
alto_hospicio,mp2.5,11.708333333333334,,,2018-09-20
alto_hospicio,mp2.5,9.869565217391305,,,2018-09-21
alto_hospicio,mp2.5,6.958333333333333,,,2018-09-22
alto_hospicio,mp2.5,8.041666666666666,,,2018-09-23
alto_hospicio,mp2.5,9.75,,,2018-09-24
alto_hospicio,mp2.5,10.125,,,2018-09-25
alto_hospicio,mp2.5,10.0,,,2018-09-26
alto_hospicio,mp2.5,8.958333333333334,,,2018-09-27
alto_hospicio,mp2.5,11.5,,,2018-09-28
alto_hospicio,mp2.5,10.041666666666666,,,2018-09-29
alto_hospicio,mp2.5,11.208333333333334,,,2018-09-30
alto_hospicio,mp2.5,6.666666666666667,,,2018-10-01
alto_hospicio,mp2.5,8.541666666666666,,,2018-10-02
alto_hospicio,mp2.5,7.875,,,2018-10-03
alto_hospicio,mp2.5,8.333333333333334,,,2018-10-04
alto_hospicio,mp2.5,10.541666666666666,,,2018-10-05
alto_hospicio,mp2.5,10.041666666666666,,,2018-10-06
alto_hospicio,mp2.5,9.875,,,2018-10-07
alto_hospicio,mp2.5,9.083333333333334,,,2018-10-08
alto_hospicio,mp2.5,10.041666666666666,,,2018-10-09
alto_hospicio,mp2.5,12.416666666666666,,,2018-10-10
alto_hospicio,mp2.5,6.0,,,2018-10-11
alto_hospicio,mp2.5,5.416666666666667,,,2018-10-12
alto_hospicio,mp2.5,6.583333333333333,,,2018-10-13
alto_hospicio,mp2.5,7.5,,,2018-10-14
alto_hospicio,mp2.5,8.583333333333334,,,2018-10-15
alto_hospicio,mp2.5,7.083333333333333,,,2018-10-16
alto_hospicio,mp2.5,6.875,,,2018-10-17
alto_hospicio,mp2.5,10.708333333333334,,,2018-10-18
alto_hospicio,mp2.5,8.625,,,2018-10-19
alto_hospicio,mp2.5,10.166666666666666,,,2018-10-20
alto_hospicio,mp2.5,5.958333333333333,,,2018-10-21
alto_hospicio,mp2.5,5.041666666666667,,,2018-10-22
alto_hospicio,mp2.5,7.125,,,2018-10-23
alto_hospicio,mp2.5,13.458333333333334,,,2018-10-24
alto_hospicio,mp2.5,9.583333333333334,,,2018-10-25
alto_hospicio,mp2.5,13.590909090909092,,,2018-10-26
alto_hospicio,mp2.5,8.833333333333334,,,2018-10-27
alto_hospicio,mp2.5,7.333333333333333,,,2018-10-28
alto_hospicio,mp2.5,5.041666666666667,,,2018-10-29
alto_hospicio,mp2.5,4.875,,,2018-10-30
alto_hospicio,mp2.5,8.083333333333334,,,2018-10-31
alto_hospicio,mp2.5,5.7727272727272725,,,2018-11-01
alto_hospicio,mp2.5,4.625,,,2018-11-02
alto_hospicio,mp2.5,5.5,,,2018-11-03
alto_hospicio,mp2.5,6.625,,,2018-11-04
alto_hospicio,mp2.5,8.416666666666666,,,2018-11-05
alto_hospicio,mp2.5,9.875,,,2018-11-06
alto_hospicio,mp2.5,9.791666666666666,,,2018-11-07
alto_hospicio,mp2.5,8.875,,,2018-11-08
alto_hospicio,mp2.5,5.125,,,2018-11-09
alto_hospicio,mp2.5,5.083333333333333,,,2018-11-10
alto_hospicio,mp2.5,6.0,,,2018-11-11
alto_hospicio,mp2.5,8.916666666666666,,,2018-11-12
alto_hospicio,mp2.5,12.458333333333334,,,2018-11-13
alto_hospicio,mp2.5,8.0,,,2018-11-14
alto_hospicio,mp2.5,6.125,,,2018-11-15
alto_hospicio,mp2.5,6.083333333333333,,,2018-11-16
alto_hospicio,mp2.5,9.333333333333334,,,2018-11-17
alto_hospicio,mp2.5,5.666666666666667,,,2018-11-18
alto_hospicio,mp2.5,6.75,,,2018-11-19
alto_hospicio,mp2.5,7.375,,,2018-11-20
alto_hospicio,mp2.5,6.416666666666667,,,2018-11-21
alto_hospicio,mp2.5,7.666666666666667,,,2018-11-22
alto_hospicio,mp2.5,7.958333333333333,,,2018-11-23
alto_hospicio,mp2.5,8.958333333333334,,,2018-11-24
alto_hospicio,mp2.5,8.708333333333334,,,2018-11-25
alto_hospicio,mp2.5,6.666666666666667,,,2018-11-26
alto_hospicio,mp2.5,8.375,,,2018-11-27
alto_hospicio,mp2.5,7.458333333333333,,,2018-11-28
alto_hospicio,mp2.5,2.0833333333333335,,,2018-11-29
alto_hospicio,mp2.5,2.590909090909091,,,2018-11-30
alto_hospicio,mp2.5,2.4583333333333335,,,2018-12-01
alto_hospicio,mp2.5,5.583333333333333,,,2018-12-02
alto_hospicio,mp2.5,4.0,,,2018-12-03
alto_hospicio,mp2.5,8.0,,,2018-12-04
alto_hospicio,mp2.5,5.533333333333333,,,2018-12-05
alto_hospicio,mp2.5,10.833333333333334,,,2018-12-06
alto_hospicio,mp2.5,4.708333333333333,,,2018-12-07
alto_hospicio,mp2.5,6.708333333333333,,,2018-12-08
alto_hospicio,mp2.5,7.958333333333333,,,2018-12-09
alto_hospicio,mp2.5,7.166666666666667,,,2018-12-10
alto_hospicio,mp2.5,6.913043478260869,,,2018-12-11
alto_hospicio,mp2.5,5.666666666666667,,,2018-12-12
alto_hospicio,mp2.5,5.708333333333333,,,2018-12-13
alto_hospicio,mp2.5,6.75,,,2018-12-14
alto_hospicio,mp2.5,6.375,,,2018-12-15
alto_hospicio,mp2.5,4.833333333333333,,,2018-12-16
alto_hospicio,mp2.5,5.666666666666667,,,2018-12-17
alto_hospicio,mp2.5,8.083333333333334,,,2018-12-18
alto_hospicio,mp2.5,7.5,,,2018-12-19
alto_hospicio,mp2.5,6.333333333333333,,,2018-12-20
alto_hospicio,mp2.5,5.5,,,2018-12-21
alto_hospicio,mp2.5,6.375,,,2018-12-22
alto_hospicio,mp2.5,6.625,,,2018-12-23
alto_hospicio,mp2.5,7.708333333333333,,,2018-12-24
alto_hospicio,mp2.5,7.625,,,2018-12-25
alto_hospicio,mp2.5,7.166666666666667,,,2018-12-26
alto_hospicio,mp2.5,8.291666666666666,,,2018-12-27
alto_hospicio,mp2.5,8.166666666666666,,,2018-12-28
alto_hospicio,mp2.5,7.476190476190476,,40.333333333333336,2018-12-29
alto_hospicio,mp2.5,7.708333333333333,,,2018-12-30
alto_hospicio,mp2.5,7.428571428571429,,55.0,2018-12-31
alto_hospicio,mp2.5,8.2,,48.25,2019-01-01
alto_hospicio,mp2.5,5.208333333333333,,,2019-01-02
alto_hospicio,mp2.5,6.0,,,2019-01-03
alto_hospicio,mp2.5,5.125,,,2019-01-04
alto_hospicio,mp2.5,4.380952380952381,,,2019-01-05
alto_hospicio,mp2.5,5.916666666666667,,,2019-01-06
alto_hospicio,mp2.5,5.681818181818182,,,2019-01-07
alto_hospicio,mp2.5,5.25,,,2019-01-08
alto_hospicio,mp2.5,5.791666666666667,,,2019-01-09
alto_hospicio,mp2.5,5.416666666666667,,,2019-01-10
alto_hospicio,mp2.5,4.5,,,2019-01-11
alto_hospicio,mp2.5,6.375,,,2019-01-12
alto_hospicio,mp2.5,5.125,,,2019-01-13
alto_hospicio,mp2.5,5.5,,,2019-01-14
alto_hospicio,mp2.5,4.875,,,2019-01-15
alto_hospicio,mp2.5,4.833333333333333,,,2019-01-16
alto_hospicio,mp2.5,5.866666666666666,,,2019-01-17
alto_hospicio,mp2.5,5.291666666666667,,,2019-01-18
alto_hospicio,mp2.5,5.75,,,2019-01-19
alto_hospicio,mp2.5,6.0,,,2019-01-20
alto_hospicio,mp2.5,6.181818181818182,,1.0,2019-01-21
alto_hospicio,mp2.5,5.833333333333333,,,2019-01-22
alto_hospicio,mp2.5,6.083333333333333,,,2019-01-23
alto_hospicio,mp2.5,6.75,,,2019-01-24
alto_hospicio,mp2.5,6.75,,,2019-01-25
alto_hospicio,mp2.5,5.764705882352941,,6.0,2019-01-26
alto_hospicio,mp2.5,,,,2019-01-27
alto_hospicio,mp2.5,,,,2019-01-28
alto_hospicio,mp2.5,,,,2019-01-29
alto_hospicio,mp2.5,7.0,,4.333333333333333,2019-01-30
alto_hospicio,mp2.5,6.041666666666667,,,2019-01-31
alto_hospicio,mp2.5,7.0,,,2019-02-01
alto_hospicio,mp2.5,9.434782608695652,,13.0,2019-02-02
alto_hospicio,mp2.5,6.375,,,2019-02-03
alto_hospicio,mp2.5,3.125,,,2019-02-04
alto_hospicio,mp2.5,4.090909090909091,,,2019-02-05
alto_hospicio,mp2.5,5.541666666666667,,,2019-02-06
alto_hospicio,mp2.5,6.833333333333333,,,2019-02-07
alto_hospicio,mp2.5,6.708333333333333,,,2019-02-08
alto_hospicio,mp2.5,6.266666666666667,,0.0,2019-02-09
alto_hospicio,mp2.5,8.777777777777779,,1.1428571428571428,2019-02-10
alto_hospicio,mp2.5,7.142857142857143,,1.0,2019-02-11
alto_hospicio,mp2.5,8.045454545454545,,1.0,2019-02-12
alto_hospicio,mp2.5,8.208333333333334,,,2019-02-13
alto_hospicio,mp2.5,7.791666666666667,,,2019-02-14
alto_hospicio,mp2.5,5.541666666666667,,,2019-02-15
alto_hospicio,mp2.5,7.791666666666667,,,2019-02-16
alto_hospicio,mp2.5,7.041666666666667,,,2019-02-17
alto_hospicio,mp2.5,5.434782608695652,,,2019-02-18
alto_hospicio,mp2.5,8.181818181818182,,1.0,2019-02-19
alto_hospicio,mp2.5,8.875,,,2019-02-20
alto_hospicio,mp2.5,8.583333333333334,,,2019-02-21
alto_hospicio,mp2.5,9.136363636363637,,,2019-02-22
alto_hospicio,mp2.5,7.916666666666667,,,2019-02-23
alto_hospicio,mp2.5,3.4166666666666665,,,2019-02-24
alto_hospicio,mp2.5,3.608695652173913,,40.0,2019-02-25
alto_hospicio,mp2.5,3.7083333333333335,,,2019-02-26
alto_hospicio,mp2.5,10.083333333333334,,2.0,2019-02-27
alto_hospicio,mp2.5,,,1.6666666666666667,2019-02-28
alto_hospicio,mp2.5,,,1.4166666666666667,2019-03-01
alto_hospicio,mp2.5,11.166666666666666,,1.2222222222222223,2019-03-02
alto_hospicio,mp2.5,9.666666666666666,,,2019-03-03
alto_hospicio,mp2.5,9.75,,,2019-03-04
alto_hospicio,mp2.5,9.666666666666666,,,2019-03-05
alto_hospicio,mp2.5,8.416666666666666,,,2019-03-06
alto_hospicio,mp2.5,9.666666666666666,,,2019-03-07
alto_hospicio,mp2.5,9.416666666666666,,,2019-03-08
alto_hospicio,mp2.5,11.666666666666666,,,2019-03-09
alto_hospicio,mp2.5,9.0,,,2019-03-10
alto_hospicio,mp2.5,8.833333333333334,,,2019-03-11
alto_hospicio,mp2.5,9.083333333333334,,,2019-03-12
alto_hospicio,mp2.5,8.708333333333334,,,2019-03-13
alto_hospicio,mp2.5,9.041666666666666,,,2019-03-14
alto_hospicio,mp2.5,8.5,,,2019-03-15
alto_hospicio,mp2.5,10.75,,,2019-03-16
alto_hospicio,mp2.5,11.125,,,2019-03-17
alto_hospicio,mp2.5,10.521739130434783,,,2019-03-18
alto_hospicio,mp2.5,10.875,,,2019-03-19
alto_hospicio,mp2.5,8.916666666666666,,,2019-03-20
alto_hospicio,mp2.5,13.625,,,2019-03-21
alto_hospicio,mp2.5,14.291666666666666,,,2019-03-22
alto_hospicio,mp2.5,13.708333333333334,,,2019-03-23
alto_hospicio,mp2.5,11.083333333333334,,,2019-03-24
alto_hospicio,mp2.5,10.208333333333334,,,2019-03-25
alto_hospicio,mp2.5,12.208333333333334,,,2019-03-26
alto_hospicio,mp2.5,12.833333333333334,,,2019-03-27
alto_hospicio,mp2.5,10.166666666666666,,,2019-03-28
alto_hospicio,mp2.5,11.25,,,2019-03-29
alto_hospicio,mp2.5,10.3125,,,2019-03-30
alto_hospicio,mp2.5,8.23076923076923,,,2019-03-31
alto_hospicio,mp2.5,8.875,,,2019-04-01
alto_hospicio,mp2.5,7.130434782608695,,,2019-04-02
alto_hospicio,mp2.5,6.75,,,2019-04-03
alto_hospicio,mp2.5,10.875,,,2019-04-04
alto_hospicio,mp2.5,9.458333333333334,,,2019-04-05
alto_hospicio,mp2.5,9.791666666666666,,,2019-04-06
alto_hospicio,mp2.5,11.875,,,2019-04-07
alto_hospicio,mp2.5,11.5,,,2019-04-08
alto_hospicio,mp2.5,8.75,,,2019-04-09
alto_hospicio,mp2.5,9.125,,,2019-04-10
alto_hospicio,mp2.5,12.45,,,2019-04-11
alto_hospicio,mp2.5,10.625,,,2019-04-12
alto_hospicio,mp2.5,12.291666666666666,,,2019-04-13
alto_hospicio,mp2.5,11.304347826086957,,,2019-04-14
alto_hospicio,mp2.5,14.041666666666666,,,2019-04-15
alto_hospicio,mp2.5,14.166666666666666,,,2019-04-16
alto_hospicio,mp2.5,13.375,,,2019-04-17
alto_hospicio,mp2.5,13.208333333333334,,,2019-04-18
alto_hospicio,mp2.5,11.166666666666666,,,2019-04-19
alto_hospicio,mp2.5,10.083333333333334,,,2019-04-20
alto_hospicio,mp2.5,10.75,,,2019-04-21
alto_hospicio,mp2.5,11.5,,,2019-04-22
alto_hospicio,mp2.5,11.666666666666666,,,2019-04-23
alto_hospicio,mp2.5,9.875,,,2019-04-24
alto_hospicio,mp2.5,9.541666666666666,,,2019-04-25
alto_hospicio,mp2.5,10.333333333333334,,,2019-04-26
alto_hospicio,mp2.5,14.208333333333334,,,2019-04-27
alto_hospicio,mp2.5,10.5,,,2019-04-28
alto_hospicio,mp2.5,8.333333333333334,,,2019-04-29
alto_hospicio,mp2.5,12.583333333333334,,,2019-04-30
alto_hospicio,mp2.5,11.958333333333334,,,2019-05-01
alto_hospicio,mp2.5,12.916666666666666,,,2019-05-02
alto_hospicio,mp2.5,12.708333333333334,,,2019-05-03
alto_hospicio,mp2.5,11.75,,,2019-05-04
alto_hospicio,mp2.5,16.208333333333332,,,2019-05-05
alto_hospicio,mp2.5,13.916666666666666,,,2019-05-06
alto_hospicio,mp2.5,14.291666666666666,,,2019-05-07
alto_hospicio,mp2.5,13.25,,,2019-05-08
alto_hospicio,mp2.5,10.833333333333334,,,2019-05-09
alto_hospicio,mp2.5,10.458333333333334,,,2019-05-10
alto_hospicio,mp2.5,9.583333333333334,,,2019-05-11
alto_hospicio,mp2.5,8.375,,,2019-05-12
alto_hospicio,mp2.5,16.541666666666668,,,2019-05-13
alto_hospicio,mp2.5,17.375,,,2019-05-14
alto_hospicio,mp2.5,18.25,,,2019-05-15
alto_hospicio,mp2.5,21.0,,,2019-05-16
alto_hospicio,mp2.5,12.458333333333334,,,2019-05-17
alto_hospicio,mp2.5,9.333333333333334,,,2019-05-18
alto_hospicio,mp2.5,8.75,,,2019-05-19
alto_hospicio,mp2.5,9.625,,,2019-05-20
alto_hospicio,mp2.5,11.791666666666666,,,2019-05-21
alto_hospicio,mp2.5,10.875,,,2019-05-22
alto_hospicio,mp2.5,15.041666666666666,,,2019-05-23
alto_hospicio,mp2.5,18.291666666666668,,,2019-05-24
alto_hospicio,mp2.5,7.416666666666667,,,2019-05-25
alto_hospicio,mp2.5,7.125,,,2019-05-26
alto_hospicio,mp2.5,8.125,,,2019-05-27
alto_hospicio,mp2.5,11.208333333333334,,,2019-05-28
alto_hospicio,mp2.5,12.791666666666666,,,2019-05-29
alto_hospicio,mp2.5,10.041666666666666,,,2019-05-30
alto_hospicio,mp2.5,12.695652173913043,,14.0,2019-05-31
alto_hospicio,mp2.5,13.0,,,2019-06-01
alto_hospicio,mp2.5,12.541666666666666,,,2019-06-02
alto_hospicio,mp2.5,15.916666666666666,,,2019-06-03
alto_hospicio,mp2.5,18.708333333333332,,,2019-06-04
alto_hospicio,mp2.5,11.458333333333334,,,2019-06-05
alto_hospicio,mp2.5,10.608695652173912,,7.0,2019-06-06
alto_hospicio,mp2.5,8.916666666666666,,,2019-06-07
alto_hospicio,mp2.5,7.833333333333333,,,2019-06-08
alto_hospicio,mp2.5,10.208333333333334,,,2019-06-09
alto_hospicio,mp2.5,17.863636363636363,,,2019-06-10
alto_hospicio,mp2.5,13.666666666666666,,,2019-06-11
alto_hospicio,mp2.5,14.083333333333334,,,2019-06-12
alto_hospicio,mp2.5,14.125,,,2019-06-13
alto_hospicio,mp2.5,16.75,,,2019-06-14
alto_hospicio,mp2.5,10.875,,,2019-06-15
alto_hospicio,mp2.5,11.083333333333334,,,2019-06-16
alto_hospicio,mp2.5,12.958333333333334,,,2019-06-17
alto_hospicio,mp2.5,16.75,,,2019-06-18
alto_hospicio,mp2.5,13.583333333333334,,,2019-06-19
alto_hospicio,mp2.5,8.458333333333334,,,2019-06-20
alto_hospicio,mp2.5,15.125,,,2019-06-21
alto_hospicio,mp2.5,,,161.66666666666666,2019-06-22
alto_hospicio,mp2.5,15.928571428571429,,75.4,2019-06-23
alto_hospicio,mp2.5,10.708333333333334,,,2019-06-24
alto_hospicio,mp2.5,9.875,,,2019-06-25
alto_hospicio,mp2.5,14.166666666666666,,,2019-06-26
alto_hospicio,mp2.5,12.217391304347826,,,2019-06-27
alto_hospicio,mp2.5,13.125,,,2019-06-28
alto_hospicio,mp2.5,19.458333333333332,,,2019-06-29
alto_hospicio,mp2.5,12.25,,,2019-06-30
alto_hospicio,mp2.5,13.25,,,2019-07-01
alto_hospicio,mp2.5,9.916666666666666,,,2019-07-02
alto_hospicio,mp2.5,7.869565217391305,,373.0,2019-07-03
alto_hospicio,mp2.5,10.916666666666666,,,2019-07-04
alto_hospicio,mp2.5,14.0,,,2019-07-05
alto_hospicio,mp2.5,15.958333333333334,,,2019-07-06
alto_hospicio,mp2.5,15.041666666666666,,,2019-07-07
alto_hospicio,mp2.5,17.208333333333332,,,2019-07-08
alto_hospicio,mp2.5,17.041666666666668,,,2019-07-09
alto_hospicio,mp2.5,13.958333333333334,,,2019-07-10
alto_hospicio,mp2.5,11.208333333333334,,,2019-07-11
alto_hospicio,mp2.5,15.652173913043478,,,2019-07-12
alto_hospicio,mp2.5,19.791666666666668,,,2019-07-13
alto_hospicio,mp2.5,15.833333333333334,,,2019-07-14
alto_hospicio,mp2.5,13.5,,,2019-07-15
alto_hospicio,mp2.5,12.0,,,2019-07-16
alto_hospicio,mp2.5,18.0,,,2019-07-17
alto_hospicio,mp2.5,20.083333333333332,,,2019-07-18
alto_hospicio,mp2.5,24.416666666666668,,,2019-07-19
alto_hospicio,mp2.5,16.875,,,2019-07-20
alto_hospicio,mp2.5,13.5,,,2019-07-21
alto_hospicio,mp2.5,13.125,,,2019-07-22
alto_hospicio,mp2.5,9.208333333333334,,,2019-07-23
alto_hospicio,mp2.5,6.708333333333333,,,2019-07-24
alto_hospicio,mp2.5,7.0,,,2019-07-25
alto_hospicio,mp2.5,13.5,,,2019-07-26
alto_hospicio,mp2.5,15.916666666666666,,,2019-07-27
alto_hospicio,mp2.5,11.583333333333334,,,2019-07-28
alto_hospicio,mp2.5,16.666666666666668,,,2019-07-29
alto_hospicio,mp2.5,16.541666666666668,,,2019-07-30
alto_hospicio,mp2.5,11.291666666666666,,,2019-07-31
alto_hospicio,mp2.5,14.708333333333334,,,2019-08-01
alto_hospicio,mp2.5,15.625,,,2019-08-02
alto_hospicio,mp2.5,17.0,,,2019-08-03
alto_hospicio,mp2.5,12.291666666666666,,,2019-08-04
alto_hospicio,mp2.5,13.833333333333334,,,2019-08-05
alto_hospicio,mp2.5,19.666666666666668,,,2019-08-06
alto_hospicio,mp2.5,17.833333333333332,,,2019-08-07
alto_hospicio,mp2.5,16.0,,,2019-08-08
alto_hospicio,mp2.5,12.666666666666666,,,2019-08-09
alto_hospicio,mp2.5,12.125,,,2019-08-10
alto_hospicio,mp2.5,13.375,,,2019-08-11
alto_hospicio,mp2.5,17.958333333333332,,,2019-08-12
alto_hospicio,mp2.5,17.875,,,2019-08-13
alto_hospicio,mp2.5,17.05,,,2019-08-14
alto_hospicio,mp2.5,16.875,,,2019-08-15
alto_hospicio,mp2.5,15.173913043478262,,,2019-08-16
alto_hospicio,mp2.5,12.125,,,2019-08-17
alto_hospicio,mp2.5,13.041666666666666,,,2019-08-18
alto_hospicio,mp2.5,14.583333333333334,,,2019-08-19
alto_hospicio,mp2.5,15.2,,,2019-08-20
alto_hospicio,mp2.5,13.521739130434783,,,2019-08-21
alto_hospicio,mp2.5,15.958333333333334,,,2019-08-22
alto_hospicio,mp2.5,14.916666666666666,,,2019-08-23
alto_hospicio,mp2.5,12.666666666666666,,,2019-08-24
alto_hospicio,mp2.5,14.583333333333334,,,2019-08-25
alto_hospicio,mp2.5,19.043478260869566,,,2019-08-26
alto_hospicio,mp2.5,16.583333333333332,,,2019-08-27
alto_hospicio,mp2.5,11.541666666666666,,,2019-08-28
alto_hospicio,mp2.5,15.0,,,2019-08-29
alto_hospicio,mp2.5,15.916666666666666,,,2019-08-30
alto_hospicio,mp2.5,12.583333333333334,,,2019-08-31
alto_hospicio,mp2.5,10.833333333333334,,,2019-09-01
alto_hospicio,mp2.5,9.625,,,2019-09-02
alto_hospicio,mp2.5,11.375,,,2019-09-03
alto_hospicio,mp2.5,12.833333333333334,,,2019-09-04
alto_hospicio,mp2.5,14.217391304347826,,,2019-09-05
alto_hospicio,mp2.5,13.208333333333334,,,2019-09-06
alto_hospicio,mp2.5,9.166666666666666,,,2019-09-07
alto_hospicio,mp2.5,8.416666666666666,,,2019-09-08
alto_hospicio,mp2.5,7.041666666666667,,,2019-09-09
alto_hospicio,mp2.5,10.791666666666666,,,2019-09-10
alto_hospicio,mp2.5,8.25,,,2019-09-11
alto_hospicio,mp2.5,11.083333333333334,,,2019-09-12
alto_hospicio,mp2.5,10.666666666666666,,,2019-09-13
alto_hospicio,mp2.5,14.333333333333334,,,2019-09-14
alto_hospicio,mp2.5,11.958333333333334,,,2019-09-15
alto_hospicio,mp2.5,11.043478260869565,,,2019-09-16
alto_hospicio,mp2.5,14.708333333333334,,,2019-09-17
alto_hospicio,mp2.5,14.333333333333334,,,2019-09-18
alto_hospicio,mp2.5,9.416666666666666,,,2019-09-19
alto_hospicio,mp2.5,13.666666666666666,,,2019-09-20
alto_hospicio,mp2.5,12.833333333333334,,,2019-09-21
alto_hospicio,mp2.5,12.5,,,2019-09-22
alto_hospicio,mp2.5,11.458333333333334,,,2019-09-23
alto_hospicio,mp2.5,13.166666666666666,,,2019-09-24
alto_hospicio,mp2.5,11.125,,,2019-09-25
alto_hospicio,mp2.5,10.541666666666666,,,2019-09-26
alto_hospicio,mp2.5,10.125,,,2019-09-27
alto_hospicio,mp2.5,14.416666666666666,,,2019-09-28
alto_hospicio,mp2.5,12.130434782608695,,,2019-09-29
alto_hospicio,mp2.5,11.875,,,2019-09-30
alto_hospicio,mp2.5,9.583333333333334,,,2019-10-01
alto_hospicio,mp2.5,10.708333333333334,,,2019-10-02
alto_hospicio,mp2.5,7.791666666666667,,,2019-10-03
alto_hospicio,mp2.5,10.166666666666666,,,2019-10-04
alto_hospicio,mp2.5,7.458333333333333,,,2019-10-05
alto_hospicio,mp2.5,12.416666666666666,,,2019-10-06
alto_hospicio,mp2.5,14.333333333333334,,,2019-10-07
alto_hospicio,mp2.5,13.666666666666666,,,2019-10-08
alto_hospicio,mp2.5,17.0,,6.75,2019-10-09
alto_hospicio,mp2.5,15.625,,,2019-10-10
alto_hospicio,mp2.5,11.833333333333334,,,2019-10-11
alto_hospicio,mp2.5,11.333333333333334,,,2019-10-12
alto_hospicio,mp2.5,11.375,,,2019-10-13
alto_hospicio,mp2.5,8.375,,,2019-10-14
alto_hospicio,mp2.5,11.041666666666666,,,2019-10-15
alto_hospicio,mp2.5,9.863636363636363,,13.0,2019-10-16
alto_hospicio,mp2.5,14.583333333333334,,,2019-10-17
alto_hospicio,mp2.5,9.826086956521738,,,2019-10-18
alto_hospicio,mp2.5,9.833333333333334,,,2019-10-19
alto_hospicio,mp2.5,11.304347826086957,,,2019-10-20
alto_hospicio,mp2.5,10.875,,,2019-10-21
alto_hospicio,mp2.5,12.727272727272727,,,2019-10-22
alto_hospicio,mp2.5,15.333333333333334,,,2019-10-23
alto_hospicio,mp2.5,15.25,,,2019-10-24
alto_hospicio,mp2.5,14.208333333333334,,,2019-10-25
alto_hospicio,mp2.5,11.458333333333334,,,2019-10-26
alto_hospicio,mp2.5,13.291666666666666,,,2019-10-27
alto_hospicio,mp2.5,9.375,,,2019-10-28
alto_hospicio,mp2.5,8.5,,,2019-10-29
alto_hospicio,mp2.5,7.25,,,2019-10-30
alto_hospicio,mp2.5,6.75,,,2019-10-31
alto_hospicio,mp2.5,8.958333333333334,,,2019-11-01
alto_hospicio,mp2.5,11.375,,,2019-11-02
alto_hospicio,mp2.5,11.083333333333334,,,2019-11-03
alto_hospicio,mp2.5,7.75,,,2019-11-04
alto_hospicio,mp2.5,9.0,,,2019-11-05
alto_hospicio,mp2.5,9.541666666666666,,,2019-11-06
alto_hospicio,mp2.5,11.708333333333334,,,2019-11-07
alto_hospicio,mp2.5,10.5,,,2019-11-08
alto_hospicio,mp2.5,9.208333333333334,,,2019-11-09
alto_hospicio,mp2.5,10.458333333333334,,,2019-11-10
alto_hospicio,mp2.5,11.166666666666666,,,2019-11-11
alto_hospicio,mp2.5,12.0,,,2019-11-12
alto_hospicio,mp2.5,10.565217391304348,,,2019-11-13
alto_hospicio,mp2.5,10.041666666666666,,,2019-11-14
alto_hospicio,mp2.5,9.333333333333334,,,2019-11-15
alto_hospicio,mp2.5,9.375,,,2019-11-16
alto_hospicio,mp2.5,9.375,,,2019-11-17
alto_hospicio,mp2.5,11.208333333333334,,,2019-11-18
alto_hospicio,mp2.5,10.583333333333334,,,2019-11-19
alto_hospicio,mp2.5,9.833333333333334,,,2019-11-20
alto_hospicio,mp2.5,9.958333333333334,,,2019-11-21
alto_hospicio,mp2.5,11.041666666666666,,,2019-11-22
alto_hospicio,mp2.5,7.375,,,2019-11-23
alto_hospicio,mp2.5,8.708333333333334,,,2019-11-24
alto_hospicio,mp2.5,8.416666666666666,,,2019-11-25
alto_hospicio,mp2.5,13.625,,,2019-11-26
alto_hospicio,mp2.5,14.541666666666666,,,2019-11-27
alto_hospicio,mp2.5,10.5,,,2019-11-28
alto_hospicio,mp2.5,8.125,,,2019-11-29
alto_hospicio,mp2.5,14.173913043478262,,,2019-11-30
alto_hospicio,mp2.5,13.375,,,2019-12-01
alto_hospicio,mp2.5,14.708333333333334,,,2019-12-02
alto_hospicio,mp2.5,12.866666666666667,,1.0,2019-12-03
alto_hospicio,mp2.5,,,,2019-12-04
alto_hospicio,mp2.5,8.4,,7.0,2019-12-05
alto_hospicio,mp2.5,12.0,,9.4,2019-12-06
alto_hospicio,mp2.5,,,,2019-12-07
alto_hospicio,mp2.5,,,,2019-12-08
alto_hospicio,mp2.5,11.222222222222221,,1.0,2019-12-09
alto_hospicio,mp2.5,7.041666666666667,,,2019-12-10
alto_hospicio,mp2.5,7.75,,,2019-12-11
alto_hospicio,mp2.5,7.625,,,2019-12-12
alto_hospicio,mp2.5,6.916666666666667,,,2019-12-13
alto_hospicio,mp2.5,10.208333333333334,,,2019-12-14
alto_hospicio,mp2.5,7.7272727272727275,,,2019-12-15
alto_hospicio,mp2.5,7.375,,,2019-12-16
alto_hospicio,mp2.5,7.875,,,2019-12-17
alto_hospicio,mp2.5,8.25,,,2019-12-18
alto_hospicio,mp2.5,9.041666666666666,,,2019-12-19
alto_hospicio,mp2.5,11.458333333333334,,,2019-12-20
alto_hospicio,mp2.5,9.916666666666666,,,2019-12-21
alto_hospicio,mp2.5,8.166666666666666,,,2019-12-22
alto_hospicio,mp2.5,8.166666666666666,,,2019-12-23
alto_hospicio,mp2.5,9.75,,,2019-12-24
alto_hospicio,mp2.5,7.625,,,2019-12-25
alto_hospicio,mp2.5,9.583333333333334,,,2019-12-26
alto_hospicio,mp2.5,8.272727272727273,,,2019-12-27
alto_hospicio,mp2.5,9.25,,,2019-12-28
alto_hospicio,mp2.5,6.625,,,2019-12-29
alto_hospicio,mp2.5,8.272727272727273,,1.0,2019-12-30
alto_hospicio,mp2.5,10.217391304347826,,282.0,2019-12-31
alto_hospicio,mp2.5,,5.565217391304348,65.0,2020-01-01
alto_hospicio,mp2.5,,5.916666666666667,,2020-01-02
alto_hospicio,mp2.5,,8.208333333333334,,2020-01-03
alto_hospicio,mp2.5,,7.041666666666667,,2020-01-04
alto_hospicio,mp2.5,,7.0,,2020-01-05
alto_hospicio,mp2.5,,6.958333333333333,,2020-01-06
alto_hospicio,mp2.5,,7.625,,2020-01-07
alto_hospicio,mp2.5,,9.833333333333334,,2020-01-08
alto_hospicio,mp2.5,,10.0,,2020-01-09
alto_hospicio,mp2.5,,8.458333333333334,,2020-01-10
alto_hospicio,mp2.5,,9.125,,2020-01-11
alto_hospicio,mp2.5,,10.458333333333334,,2020-01-12
alto_hospicio,mp2.5,,7.0,,2020-01-13
alto_hospicio,mp2.5,,6.625,,2020-01-14
alto_hospicio,mp2.5,,7.0,,2020-01-15
alto_hospicio,mp2.5,,6.583333333333333,,2020-01-16
alto_hospicio,mp2.5,,6.5,,2020-01-17
alto_hospicio,mp2.5,,6.625,,2020-01-18
alto_hospicio,mp2.5,,6.5,,2020-01-19
alto_hospicio,mp2.5,,5.458333333333333,,2020-01-20
alto_hospicio,mp2.5,,6.041666666666667,,2020-01-21
alto_hospicio,mp2.5,,4.75,,2020-01-22
alto_hospicio,mp2.5,,4.375,,2020-01-23
alto_hospicio,mp2.5,,3.5454545454545454,,2020-01-24
alto_hospicio,mp2.5,,4.666666666666667,,2020-01-25
alto_hospicio,mp2.5,,6.041666666666667,,2020-01-26
alto_hospicio,mp2.5,,6.208333333333333,,2020-01-27
alto_hospicio,mp2.5,,6.583333333333333,,2020-01-28
alto_hospicio,mp2.5,,6.375,,2020-01-29
alto_hospicio,mp2.5,,7.791666666666667,,2020-01-30
alto_hospicio,mp2.5,,9.333333333333334,,2020-01-31
alto_hospicio,mp2.5,,11.166666666666666,,2020-02-01
alto_hospicio,mp2.5,,8.125,,2020-02-02
alto_hospicio,mp2.5,,9.625,,2020-02-03
alto_hospicio,mp2.5,,8.916666666666666,,2020-02-04
alto_hospicio,mp2.5,,7.375,,2020-02-05
alto_hospicio,mp2.5,,10.375,,2020-02-06
alto_hospicio,mp2.5,,10.083333333333334,,2020-02-07
alto_hospicio,mp2.5,,9.083333333333334,,2020-02-08
alto_hospicio,mp2.5,,8.041666666666666,,2020-02-09
alto_hospicio,mp2.5,,8.875,,2020-02-10
alto_hospicio,mp2.5,,8.458333333333334,,2020-02-11
alto_hospicio,mp2.5,,8.625,,2020-02-12
alto_hospicio,mp2.5,,8.708333333333334,,2020-02-13
alto_hospicio,mp2.5,,9.083333333333334,,2020-02-14
alto_hospicio,mp2.5,,7.25,,2020-02-15
alto_hospicio,mp2.5,,9.333333333333334,,2020-02-16
alto_hospicio,mp2.5,,8.416666666666666,,2020-02-17
alto_hospicio,mp2.5,,9.25,,2020-02-18
alto_hospicio,mp2.5,,6.25,,2020-02-19
alto_hospicio,mp2.5,,8.73913043478261,,2020-02-20
alto_hospicio,mp2.5,,6.291666666666667,,2020-02-21
alto_hospicio,mp2.5,,6.916666666666667,,2020-02-22
alto_hospicio,mp2.5,,3.8333333333333335,,2020-02-23
alto_hospicio,mp2.5,,6.458333333333333,,2020-02-24
alto_hospicio,mp2.5,,5.708333333333333,,2020-02-25
alto_hospicio,mp2.5,,7.416666666666667,,2020-02-26
alto_hospicio,mp2.5,,6.541666666666667,,2020-02-27
alto_hospicio,mp2.5,,8.470588235294118,,2020-02-28
alto_hospicio,mp2.5,,10.041666666666666,,2020-02-29
alto_hospicio,mp2.5,,7.166666666666667,,2020-03-01
alto_hospicio,mp2.5,,9.166666666666666,,2020-03-02
alto_hospicio,mp2.5,,8.208333333333334,,2020-03-03
alto_hospicio,mp2.5,,7.666666666666667,,2020-03-04
alto_hospicio,mp2.5,,8.0,,2020-03-05
alto_hospicio,mp2.5,,6.818181818181818,,2020-03-06
alto_hospicio,mp2.5,,7.363636363636363,68.0,2020-03-07
alto_hospicio,mp2.5,,11.125,,2020-03-08
alto_hospicio,mp2.5,,9.708333333333334,,2020-03-09
alto_hospicio,mp2.5,,8.636363636363637,1.6666666666666667,2020-03-10
alto_hospicio,mp2.5,,,1.2083333333333333,2020-03-11
alto_hospicio,mp2.5,,,2.3333333333333335,2020-03-12
alto_hospicio,mp2.5,,8.125,1.2666666666666666,2020-03-13
alto_hospicio,mp2.5,,7.208333333333333,,2020-03-14
alto_hospicio,mp2.5,,6.875,,2020-03-15
alto_hospicio,mp2.5,,6.75,,2020-03-16
alto_hospicio,mp2.5,,7.5,,2020-03-17
alto_hospicio,mp2.5,,7.916666666666667,,2020-03-18
alto_hospicio,mp2.5,,6.375,,2020-03-19
alto_hospicio,mp2.5,,8.583333333333334,,2020-03-20
alto_hospicio,mp2.5,,8.041666666666666,,2020-03-21
alto_hospicio,mp2.5,,6.208333333333333,,2020-03-22
alto_hospicio,mp2.5,,7.333333333333333,,2020-03-23
alto_hospicio,mp2.5,,6.5,,2020-03-24
alto_hospicio,mp2.5,,6.916666666666667,,2020-03-25
alto_hospicio,mp2.5,,5.5,,2020-03-26
alto_hospicio,mp2.5,,7.375,,2020-03-27
alto_hospicio,mp2.5,,9.125,,2020-03-28
alto_hospicio,mp2.5,,9.541666666666666,,2020-03-29
alto_hospicio,mp2.5,,10.125,,2020-03-30
alto_hospicio,mp2.5,,10.875,,2020-03-31
alto_hospicio,mp2.5,,9.875,,2020-04-01
alto_hospicio,mp2.5,,10.083333333333334,,2020-04-02
alto_hospicio,mp2.5,,11.208333333333334,,2020-04-03
alto_hospicio,mp2.5,,9.708333333333334,,2020-04-04
alto_hospicio,mp2.5,,9.416666666666666,,2020-04-05
alto_hospicio,mp2.5,,11.125,,2020-04-06
alto_hospicio,mp2.5,,8.416666666666666,,2020-04-07
alto_hospicio,mp2.5,,10.181818181818182,,2020-04-08
alto_hospicio,mp2.5,,7.375,,2020-04-09
alto_hospicio,mp2.5,,6.826086956521739,,2020-04-10
alto_hospicio,mp2.5,,7.25,,2020-04-11
alto_hospicio,mp2.5,,6.75,,2020-04-12
alto_hospicio,mp2.5,,6.666666666666667,,2020-04-13
alto_hospicio,mp2.5,,9.916666666666666,,2020-04-14
alto_hospicio,mp2.5,,8.789473684210526,,2020-04-15
alto_hospicio,mp2.5,,11.708333333333334,,2020-04-16
alto_hospicio,mp2.5,,14.833333333333334,,2020-04-17
alto_hospicio,mp2.5,,13.833333333333334,,2020-04-18
alto_hospicio,mp2.5,,10.875,,2020-04-19
alto_hospicio,mp2.5,,11.45,,2020-04-20
alto_hospicio,mp2.5,,11.652173913043478,,2020-04-21
alto_hospicio,mp2.5,,11.375,,2020-04-22
alto_hospicio,mp2.5,,10.208333333333334,,2020-04-23
alto_hospicio,mp2.5,,12.666666666666666,,2020-04-24
alto_hospicio,mp2.5,,13.0,,2020-04-25
alto_hospicio,mp2.5,,10.083333333333334,,2020-04-26
alto_hospicio,mp2.5,,9.791666666666666,,2020-04-27
alto_hospicio,mp2.5,,10.25,,2020-04-28
alto_hospicio,mp2.5,,8.608695652173912,,2020-04-29
alto_hospicio,mp2.5,,8.208333333333334,,2020-04-30
alto_hospicio,mp2.5,,15.083333333333334,,2020-05-01
alto_hospicio,mp2.5,,10.608695652173912,,2020-05-02
alto_hospicio,mp2.5,,11.958333333333334,,2020-05-03
alto_hospicio,mp2.5,,11.083333333333334,,2020-05-04
alto_hospicio,mp2.5,,13.833333333333334,,2020-05-05
alto_hospicio,mp2.5,,12.26086956521739,,2020-05-06
alto_hospicio,mp2.5,,15.833333333333334,,2020-05-07
alto_hospicio,mp2.5,,18.666666666666668,,2020-05-08
alto_hospicio,mp2.5,,17.25,,2020-05-09
alto_hospicio,mp2.5,,21.652173913043477,,2020-05-10
alto_hospicio,mp2.5,,15.458333333333334,,2020-05-11
alto_hospicio,mp2.5,,15.791666666666666,,2020-05-12
alto_hospicio,mp2.5,,18.304347826086957,,2020-05-13
alto_hospicio,mp2.5,,14.0,,2020-05-14
alto_hospicio,mp2.5,,23.375,,2020-05-15
alto_hospicio,mp2.5,,15.916666666666666,,2020-05-16
alto_hospicio,mp2.5,,17.227272727272727,,2020-05-17
alto_hospicio,mp2.5,,10.875,,2020-05-18
alto_hospicio,mp2.5,,9.75,,2020-05-19
alto_hospicio,mp2.5,,13.833333333333334,,2020-05-20
alto_hospicio,mp2.5,,14.416666666666666,,2020-05-21
alto_hospicio,mp2.5,,13.166666666666666,,2020-05-22
alto_hospicio,mp2.5,,15.708333333333334,,2020-05-23
alto_hospicio,mp2.5,,14.666666666666666,,2020-05-24
alto_hospicio,mp2.5,,11.0,,2020-05-25
alto_hospicio,mp2.5,,11.916666666666666,,2020-05-26
alto_hospicio,mp2.5,,11.041666666666666,,2020-05-27
alto_hospicio,mp2.5,,8.833333333333334,,2020-05-28
alto_hospicio,mp2.5,,7.416666666666667,,2020-05-29
alto_hospicio,mp2.5,,8.041666666666666,,2020-05-30
alto_hospicio,mp2.5,,7.583333333333333,,2020-05-31
alto_hospicio,mp2.5,,8.0,,2020-06-01
alto_hospicio,mp2.5,,7.541666666666667,,2020-06-02
alto_hospicio,mp2.5,,7.625,,2020-06-03
alto_hospicio,mp2.5,,10.416666666666666,,2020-06-04
alto_hospicio,mp2.5,,14.875,,2020-06-05
alto_hospicio,mp2.5,,14.208333333333334,,2020-06-06
alto_hospicio,mp2.5,,8.75,,2020-06-07
alto_hospicio,mp2.5,,13.047619047619047,,2020-06-08
alto_hospicio,mp2.5,,11.75,,2020-06-09
alto_hospicio,mp2.5,,7.833333333333333,,2020-06-10
alto_hospicio,mp2.5,,5.173913043478261,,2020-06-11
alto_hospicio,mp2.5,,7.708333333333333,,2020-06-12
alto_hospicio,mp2.5,,10.625,,2020-06-13
alto_hospicio,mp2.5,,11.083333333333334,,2020-06-14
alto_hospicio,mp2.5,,6.625,,2020-06-15
alto_hospicio,mp2.5,,8.541666666666666,,2020-06-16
alto_hospicio,mp2.5,,9.826086956521738,,2020-06-17
alto_hospicio,mp2.5,,14.166666666666666,,2020-06-18
alto_hospicio,mp2.5,,9.291666666666666,,2020-06-19
alto_hospicio,mp2.5,,8.541666666666666,,2020-06-20
alto_hospicio,mp2.5,,12.0,,2020-06-21
alto_hospicio,mp2.5,,11.041666666666666,,2020-06-22
alto_hospicio,mp2.5,,8.666666666666666,,2020-06-23
alto_hospicio,mp2.5,,11.0,,2020-06-24
alto_hospicio,mp2.5,,12.166666666666666,,2020-06-25
alto_hospicio,mp2.5,,10.75,,2020-06-26
alto_hospicio,mp2.5,,14.565217391304348,,2020-06-27
alto_hospicio,mp2.5,,13.041666666666666,,2020-06-28
alto_hospicio,mp2.5,,10.791666666666666,,2020-06-29
alto_hospicio,mp2.5,,14.208333333333334,,2020-06-30
alto_hospicio,mp2.5,,15.521739130434783,,2020-07-01
alto_hospicio,mp2.5,,12.25,,2020-07-02
alto_hospicio,mp2.5,,15.083333333333334,,2020-07-03
alto_hospicio,mp2.5,,12.041666666666666,,2020-07-04
alto_hospicio,mp2.5,,12.916666666666666,,2020-07-05
alto_hospicio,mp2.5,,11.916666666666666,,2020-07-06
alto_hospicio,mp2.5,,12.25,,2020-07-07
alto_hospicio,mp2.5,,14.625,,2020-07-08
alto_hospicio,mp2.5,,16.375,,2020-07-09
alto_hospicio,mp2.5,,10.416666666666666,,2020-07-10
alto_hospicio,mp2.5,,12.375,,2020-07-11
alto_hospicio,mp2.5,,11.625,,2020-07-12
alto_hospicio,mp2.5,,14.208333333333334,,2020-07-13
alto_hospicio,mp2.5,,29.458333333333332,,2020-07-14
alto_hospicio,mp2.5,,18.533333333333335,35.42857142857143,2020-07-15
alto_hospicio,mp2.5,,18.666666666666668,30.666666666666668,2020-07-16
alto_hospicio,mp2.5,,15.791666666666666,,2020-07-17
alto_hospicio,mp2.5,,12.041666666666666,,2020-07-18
alto_hospicio,mp2.5,,12.125,,2020-07-19
alto_hospicio,mp2.5,,14.083333333333334,,2020-07-20
alto_hospicio,mp2.5,,12.409090909090908,,2020-07-21
alto_hospicio,mp2.5,,11.875,,2020-07-22
alto_hospicio,mp2.5,,11.333333333333334,,2020-07-23
alto_hospicio,mp2.5,,11.375,,2020-07-24
alto_hospicio,mp2.5,,16.375,,2020-07-25
alto_hospicio,mp2.5,,17.125,,2020-07-26
alto_hospicio,mp2.5,,14.333333333333334,,2020-07-27
alto_hospicio,mp2.5,,13.875,,2020-07-28
alto_hospicio,mp2.5,,12.833333333333334,,2020-07-29
alto_hospicio,mp2.5,,13.375,,2020-07-30
alto_hospicio,mp2.5,,21.363636363636363,16.0,2020-07-31
alto_hospicio,mp2.5,,13.625,,2020-08-01
alto_hospicio,mp2.5,,13.125,,2020-08-02
alto_hospicio,mp2.5,,13.333333333333334,,2020-08-03
alto_hospicio,mp2.5,,10.458333333333334,,2020-08-04
alto_hospicio,mp2.5,,11.708333333333334,,2020-08-05
alto_hospicio,mp2.5,,12.958333333333334,,2020-08-06
alto_hospicio,mp2.5,,16.75,,2020-08-07
alto_hospicio,mp2.5,,17.25,,2020-08-08
alto_hospicio,mp2.5,,19.565217391304348,,2020-08-09
alto_hospicio,mp2.5,,15.916666666666666,,2020-08-10
alto_hospicio,mp2.5,,12.416666666666666,,2020-08-11
alto_hospicio,mp2.5,,12.291666666666666,,2020-08-12
alto_hospicio,mp2.5,,14.818181818181818,,2020-08-13
alto_hospicio,mp2.5,,13.25,,2020-08-14
alto_hospicio,mp2.5,,12.25,,2020-08-15
alto_hospicio,mp2.5,,15.041666666666666,,2020-08-16
alto_hospicio,mp2.5,,8.652173913043478,,2020-08-17
alto_hospicio,mp2.5,,7.75,,2020-08-18
alto_hospicio,mp2.5,,9.75,,2020-08-19
alto_hospicio,mp2.5,,11.333333333333334,,2020-08-20
alto_hospicio,mp2.5,,19.166666666666668,,2020-08-21
alto_hospicio,mp2.5,,17.875,,2020-08-22
alto_hospicio,mp2.5,,9.785714285714286,1.0,2020-08-23
alto_hospicio,mp2.5,,9.25,,2020-08-24
alto_hospicio,mp2.5,,8.478260869565217,,2020-08-25
alto_hospicio,mp2.5,,10.458333333333334,,2020-08-26
alto_hospicio,mp2.5,,8.375,,2020-08-27
alto_hospicio,mp2.5,,6.625,,2020-08-28
alto_hospicio,mp2.5,,9.833333333333334,,2020-08-29
alto_hospicio,mp2.5,,9.125,,2020-08-30
alto_hospicio,mp2.5,,6.291666666666667,,2020-08-31
alto_hospicio,mp2.5,,7.208333333333333,,2020-09-01
alto_hospicio,mp2.5,,9.458333333333334,,2020-09-02
alto_hospicio,mp2.5,,8.166666666666666,,2020-09-03
alto_hospicio,mp2.5,,8.083333333333334,,2020-09-04
alto_hospicio,mp2.5,,12.041666666666666,,2020-09-05
alto_hospicio,mp2.5,,11.625,,2020-09-06
alto_hospicio,mp2.5,,9.791666666666666,,2020-09-07
alto_hospicio,mp2.5,,10.458333333333334,,2020-09-08
alto_hospicio,mp2.5,,11.272727272727273,,2020-09-09
alto_hospicio,mp2.5,,12.583333333333334,,2020-09-10
alto_hospicio,mp2.5,,11.291666666666666,,2020-09-11
alto_hospicio,mp2.5,,7.958333333333333,,2020-09-12
alto_hospicio,mp2.5,,9.041666666666666,,2020-09-13
alto_hospicio,mp2.5,,10.869565217391305,,2020-09-14
alto_hospicio,mp2.5,,9.458333333333334,,2020-09-15
alto_hospicio,mp2.5,,9.625,,2020-09-16
alto_hospicio,mp2.5,,14.916666666666666,,2020-09-17
alto_hospicio,mp2.5,,19.166666666666668,,2020-09-18
alto_hospicio,mp2.5,,12.75,,2020-09-19
alto_hospicio,mp2.5,,11.916666666666666,,2020-09-20
alto_hospicio,mp2.5,,12.166666666666666,,2020-09-21
alto_hospicio,mp2.5,,16.208333333333332,,2020-09-22
alto_hospicio,mp2.5,,10.958333333333334,,2020-09-23
alto_hospicio,mp2.5,,11.25,,2020-09-24
alto_hospicio,mp2.5,,10.416666666666666,,2020-09-25
alto_hospicio,mp2.5,,8.958333333333334,,2020-09-26
alto_hospicio,mp2.5,,8.458333333333334,,2020-09-27
alto_hospicio,mp2.5,,8.291666666666666,,2020-09-28
alto_hospicio,mp2.5,,9.083333333333334,,2020-09-29
alto_hospicio,mp2.5,,9.416666666666666,,2020-09-30
alto_hospicio,mp2.5,,9.541666666666666,,2020-10-01
alto_hospicio,mp2.5,,7.375,,2020-10-02
alto_hospicio,mp2.5,,6.083333333333333,,2020-10-03
alto_hospicio,mp2.5,,8.458333333333334,,2020-10-04
alto_hospicio,mp2.5,,8.791666666666666,,2020-10-05
alto_hospicio,mp2.5,,6.75,,2020-10-06
alto_hospicio,mp2.5,,7.75,,2020-10-07
alto_hospicio,mp2.5,,11.375,,2020-10-08
alto_hospicio,mp2.5,,9.458333333333334,,2020-10-09
alto_hospicio,mp2.5,,10.208333333333334,,2020-10-10
alto_hospicio,mp2.5,,8.458333333333334,,2020-10-11
alto_hospicio,mp2.5,,9.0,,2020-10-12
alto_hospicio,mp2.5,,8.75,,2020-10-13
alto_hospicio,mp2.5,,9.090909090909092,,2020-10-14
alto_hospicio,mp2.5,,8.666666666666666,,2020-10-15
alto_hospicio,mp2.5,,11.875,,2020-10-16
alto_hospicio,mp2.5,,13.583333333333334,,2020-10-17
alto_hospicio,mp2.5,,9.875,,2020-10-18
alto_hospicio,mp2.5,,7.708333333333333,,2020-10-19
alto_hospicio,mp2.5,,6.125,,2020-10-20
alto_hospicio,mp2.5,,6.166666666666667,,2020-10-21
alto_hospicio,mp2.5,,8.291666666666666,,2020-10-22
alto_hospicio,mp2.5,,7.695652173913044,,2020-10-23
alto_hospicio,mp2.5,,8.166666666666666,,2020-10-24
alto_hospicio,mp2.5,,6.083333333333333,,2020-10-25
alto_hospicio,mp2.5,,6.791666666666667,,2020-10-26
alto_hospicio,mp2.5,,6.666666666666667,,2020-10-27
alto_hospicio,mp2.5,,8.375,,2020-10-28
alto_hospicio,mp2.5,,7.958333333333333,,2020-10-29
alto_hospicio,mp2.5,,10.25,,2020-10-30
alto_hospicio,mp2.5,,12.791666666666666,,2020-10-31
alto_hospicio,mp2.5,,11.583333333333334,,2020-11-01
alto_hospicio,mp2.5,,11.791666666666666,,2020-11-02
alto_hospicio,mp2.5,,8.541666666666666,,2020-11-03
alto_hospicio,mp2.5,,14.791666666666666,,2020-11-04
alto_hospicio,mp2.5,,11.125,,2020-11-05
alto_hospicio,mp2.5,,10.347826086956522,,2020-11-06
alto_hospicio,mp2.5,,8.166666666666666,,2020-11-07
alto_hospicio,mp2.5,,5.958333333333333,,2020-11-08
alto_hospicio,mp2.5,,7.826086956521739,,2020-11-09
alto_hospicio,mp2.5,,8.80952380952381,98.0,2020-11-10
alto_hospicio,mp2.5,,9.041666666666666,,2020-11-11
alto_hospicio,mp2.5,,9.375,,2020-11-12
alto_hospicio,mp2.5,,10.666666666666666,,2020-11-13
alto_hospicio,mp2.5,,10.291666666666666,,2020-11-14
alto_hospicio,mp2.5,,8.333333333333334,,2020-11-15
alto_hospicio,mp2.5,,9.434782608695652,,2020-11-16
alto_hospicio,mp2.5,,9.875,,2020-11-17
alto_hospicio,mp2.5,,11.791666666666666,,2020-11-18
alto_hospicio,mp2.5,,10.291666666666666,,2020-11-19
alto_hospicio,mp2.5,,11.416666666666666,,2020-11-20
alto_hospicio,mp2.5,,12.238095238095237,34.333333333333336,2020-11-21
alto_hospicio,mp2.5,,9.727272727272727,,2020-11-22
alto_hospicio,mp2.5,,9.541666666666666,,2020-11-23
alto_hospicio,mp2.5,,9.791666666666666,,2020-11-24
alto_hospicio,mp2.5,,7.833333333333333,,2020-11-25
alto_hospicio,mp2.5,,7.125,,2020-11-26
alto_hospicio,mp2.5,,9.166666666666666,,2020-11-27
alto_hospicio,mp2.5,,12.75,,2020-11-28
alto_hospicio,mp2.5,,9.958333333333334,,2020-11-29
alto_hospicio,mp2.5,,11.458333333333334,,2020-11-30
alto_hospicio,mp2.5,,8.541666666666666,,2020-12-01
alto_hospicio,mp2.5,,9.181818181818182,,2020-12-02
alto_hospicio,mp2.5,,8.5,,2020-12-03
alto_hospicio,mp2.5,,9.304347826086957,,2020-12-04
alto_hospicio,mp2.5,,10.083333333333334,,2020-12-05
alto_hospicio,mp2.5,,10.333333333333334,,2020-12-06
alto_hospicio,mp2.5,,11.916666666666666,,2020-12-07
alto_hospicio,mp2.5,,8.958333333333334,,2020-12-08
alto_hospicio,mp2.5,,11.458333333333334,,2020-12-09
alto_hospicio,mp2.5,,9.416666666666666,,2020-12-10
alto_hospicio,mp2.5,,10.041666666666666,,2020-12-11
alto_hospicio,mp2.5,,9.375,,2020-12-12
alto_hospicio,mp2.5,,11.916666666666666,,2020-12-13
alto_hospicio,mp2.5,,11.75,,2020-12-14
alto_hospicio,mp2.5,,9.826086956521738,,2020-12-15
alto_hospicio,mp2.5,,10.375,,2020-12-16
alto_hospicio,mp2.5,,11.875,,2020-12-17
alto_hospicio,mp2.5,,10.375,,2020-12-18
alto_hospicio,mp2.5,,8.916666666666666,,2020-12-19
alto_hospicio,mp2.5,,8.25,,2020-12-20
alto_hospicio,mp2.5,,10.5,,2020-12-21
alto_hospicio,mp2.5,,8.958333333333334,,2020-12-22
alto_hospicio,mp2.5,,8.541666666666666,,2020-12-23
alto_hospicio,mp2.5,,11.958333333333334,,2020-12-24
alto_hospicio,mp2.5,,13.041666666666666,,2020-12-25
alto_hospicio,mp2.5,,8.875,,2020-12-26
alto_hospicio,mp2.5,,8.333333333333334,,2020-12-27
alto_hospicio,mp2.5,,7.333333333333333,,2020-12-28
alto_hospicio,mp2.5,,12.041666666666666,,2020-12-29
alto_hospicio,mp2.5,,10.875,,2020-12-30
alto_hospicio,mp2.5,,11.521739130434783,70.0,2020-12-31
alto_hospicio,mp2.5,,7.5,,2021-01-01
alto_hospicio,mp2.5,,5.583333333333333,,2021-01-02
alto_hospicio,mp2.5,,6.5,,2021-01-03
alto_hospicio,mp2.5,,9.0,,2021-01-04
alto_hospicio,mp2.5,,8.869565217391305,,2021-01-05
alto_hospicio,mp2.5,,7.666666666666667,,2021-01-06
alto_hospicio,mp2.5,,9.125,,2021-01-07
alto_hospicio,mp2.5,,10.125,,2021-01-08
alto_hospicio,mp2.5,,9.125,,2021-01-09
alto_hospicio,mp2.5,,8.708333333333334,,2021-01-10
alto_hospicio,mp2.5,,9.291666666666666,,2021-01-11
alto_hospicio,mp2.5,,9.916666666666666,,2021-01-12
alto_hospicio,mp2.5,,7.125,,2021-01-13
alto_hospicio,mp2.5,,10.125,,2021-01-14
alto_hospicio,mp2.5,,9.75,,2021-01-15
alto_hospicio,mp2.5,,9.083333333333334,,2021-01-16
alto_hospicio,mp2.5,,8.208333333333334,,2021-01-17
alto_hospicio,mp2.5,,7.416666666666667,,2021-01-18
alto_hospicio,mp2.5,,10.958333333333334,,2021-01-19
alto_hospicio,mp2.5,,9.666666666666666,,2021-01-20
alto_hospicio,mp2.5,,12.166666666666666,,2021-01-21
alto_hospicio,mp2.5,,12.75,,2021-01-22
alto_hospicio,mp2.5,,8.583333333333334,,2021-01-23
alto_hospicio,mp2.5,,7.708333333333333,,2021-01-24
alto_hospicio,mp2.5,,10.208333333333334,,2021-01-25
alto_hospicio,mp2.5,,12.25,,2021-01-26
alto_hospicio,mp2.5,,9.458333333333334,,2021-01-27
alto_hospicio,mp2.5,,7.125,,2021-01-28
alto_hospicio,mp2.5,,10.19047619047619,1.0,2021-01-29
alto_hospicio,mp2.5,,10.235294117647058,1.0,2021-01-30
alto_hospicio,mp2.5,,9.416666666666666,,2021-01-31
alto_hospicio,mp2.5,,7.5,,2021-02-01
alto_hospicio,mp2.5,,6.958333333333333,,2021-02-02
alto_hospicio,mp2.5,,6.363636363636363,,2021-02-03
alto_hospicio,mp2.5,,7.75,,2021-02-04
alto_hospicio,mp2.5,,10.0,,2021-02-05
alto_hospicio,mp2.5,,8.041666666666666,,2021-02-06
alto_hospicio,mp2.5,,8.791666666666666,,2021-02-07
alto_hospicio,mp2.5,,8.208333333333334,,2021-02-08
alto_hospicio,mp2.5,,8.625,,2021-02-09
alto_hospicio,mp2.5,,7.083333333333333,,2021-02-10
alto_hospicio,mp2.5,,6.833333333333333,,2021-02-11
alto_hospicio,mp2.5,,9.772727272727273,,2021-02-12
alto_hospicio,mp2.5,,12.541666666666666,,2021-02-13
alto_hospicio,mp2.5,,11.958333333333334,,2021-02-14
alto_hospicio,mp2.5,,10.375,,2021-02-15
alto_hospicio,mp2.5,,9.916666666666666,,2021-02-16
alto_hospicio,mp2.5,,11.541666666666666,,2021-02-17
alto_hospicio,mp2.5,,13.0,,2021-02-18
alto_hospicio,mp2.5,,11.0,,2021-02-19
alto_hospicio,mp2.5,,9.708333333333334,,2021-02-20
alto_hospicio,mp2.5,,9.625,,2021-02-21
alto_hospicio,mp2.5,,5.9,2.0,2021-02-22
alto_hospicio,mp2.5,,,2.375,2021-02-23
alto_hospicio,mp2.5,,,1.75,2021-02-24
alto_hospicio,mp2.5,,9.4,2.6666666666666665,2021-02-25
alto_hospicio,mp2.5,,8.291666666666666,,2021-02-26
alto_hospicio,mp2.5,,8.791666666666666,,2021-02-27
alto_hospicio,mp2.5,,8.173913043478262,,2021-02-28
alto_hospicio,mp2.5,,8.833333333333334,,2021-03-01
alto_hospicio,mp2.5,,8.75,,2021-03-02
alto_hospicio,mp2.5,,6.75,,2021-03-03
alto_hospicio,mp2.5,,7.916666666666667,,2021-03-04
alto_hospicio,mp2.5,,6.791666666666667,,2021-03-05
alto_hospicio,mp2.5,,8.5,,2021-03-06
alto_hospicio,mp2.5,,9.375,,2021-03-07
alto_hospicio,mp2.5,,7.75,,2021-03-08
alto_hospicio,mp2.5,,6.083333333333333,,2021-03-09
alto_hospicio,mp2.5,,7.833333333333333,,2021-03-10
alto_hospicio,mp2.5,,7.090909090909091,,2021-03-11
alto_hospicio,mp2.5,,6.458333333333333,,2021-03-12
alto_hospicio,mp2.5,,9.541666666666666,,2021-03-13
alto_hospicio,mp2.5,,8.75,,2021-03-14
alto_hospicio,mp2.5,,7.5625,2.4,2021-03-15
alto_hospicio,mp2.5,,8.0,,2021-03-16
alto_hospicio,mp2.5,,7.875,,2021-03-17
alto_hospicio,mp2.5,,9.958333333333334,,2021-03-18
alto_hospicio,mp2.5,,9.208333333333334,,2021-03-19
alto_hospicio,mp2.5,,11.791666666666666,,2021-03-20
alto_hospicio,mp2.5,,11.583333333333334,,2021-03-21
alto_hospicio,mp2.5,,9.208333333333334,,2021-03-22
alto_hospicio,mp2.5,,10.541666666666666,,2021-03-23
alto_hospicio,mp2.5,,8.875,,2021-03-24
alto_hospicio,mp2.5,,9.041666666666666,,2021-03-25
alto_hospicio,mp2.5,,8.791666666666666,,2021-03-26
alto_hospicio,mp2.5,,8.875,,2021-03-27
alto_hospicio,mp2.5,,9.333333333333334,,2021-03-28
alto_hospicio,mp2.5,,9.916666666666666,,2021-03-29
alto_hospicio,mp2.5,,11.541666666666666,,2021-03-30
alto_hospicio,mp2.5,,10.125,,2021-03-31
alto_hospicio,mp2.5,,9.125,,2021-04-01
alto_hospicio,mp2.5,,4.238095238095238,,2021-04-02
alto_hospicio,mp2.5,,3.2916666666666665,,2021-04-03
alto_hospicio,mp2.5,,3.3684210526315788,11.0,2021-04-04
alto_hospicio,mp2.5,,12.777777777777779,8.333333333333334,2021-04-05
alto_hospicio,mp2.5,,4.7,6.0,2021-04-06
alto_hospicio,mp2.5,,3.875,,2021-04-07
alto_hospicio,mp2.5,,5.333333333333333,,2021-04-08
alto_hospicio,mp2.5,,4.739130434782608,,2021-04-09
alto_hospicio,mp2.5,,6.083333333333333,,2021-04-10
alto_hospicio,mp2.5,,7.666666666666667,,2021-04-11
alto_hospicio,mp2.5,,10.217391304347826,,2021-04-12
alto_hospicio,mp2.5,,10.666666666666666,,2021-04-13
alto_hospicio,mp2.5,,9.347826086956522,,2021-04-14
alto_hospicio,mp2.5,,8.875,,2021-04-15
alto_hospicio,mp2.5,,7.217391304347826,,2021-04-16
alto_hospicio,mp2.5,,10.0,,2021-04-17
alto_hospicio,mp2.5,,8.631578947368421,1.0,2021-04-18
alto_hospicio,mp2.5,,11.142857142857142,,2021-04-19
alto_hospicio,mp2.5,,10.375,,2021-04-20
alto_hospicio,mp2.5,,5.125,,2021-04-21
alto_hospicio,mp2.5,,4.125,,2021-04-22
alto_hospicio,mp2.5,,8.434782608695652,,2021-04-23
alto_hospicio,mp2.5,,7.708333333333333,,2021-04-24
alto_hospicio,mp2.5,,6.125,,2021-04-25
alto_hospicio,mp2.5,,7.375,,2021-04-26
alto_hospicio,mp2.5,,10.041666666666666,,2021-04-27
alto_hospicio,mp2.5,,6.409090909090909,,2021-04-28
alto_hospicio,mp2.5,,5.875,98.0,2021-04-29
alto_hospicio,mp2.5,,8.090909090909092,,2021-04-30
alto_hospicio,mp2.5,,12.875,,2021-05-01
alto_hospicio,mp2.5,,13.05,,2021-05-02
alto_hospicio,mp2.5,,1.0,1.0,2021-05-03
alto_hospicio,mp2.5,,,1.0,2021-05-04
